,high,low,open,adjcp,volume,tic,datadate
0,461.5,430.0,461.0,431.0,2226242.0,I888,20170531
1,2385.0,2201.0,2362.0,2207.0,6663064.0,RB888,20170531
2,1162.0,1039.0,1159.0,1039.5,184426.0,J888,20170531
3,434.0,421.5,431.5,426.5,2249808.0,I888,20170601
4,2239.0,2169.0,2214.0,2204.0,7377354.0,RB888,20170601
5,1065.0,1028.0,1039.0,1043.5,157992.0,J888,20170601
6,441.0,425.0,430.0,436.0,2719994.0,I888,20170602
7,2220.0,2133.0,2210.0,2138.0,9046274.0,RB888,20170602
8,1055.0,991.0,1046.5,1004.0,214868.0,J888,20170602
9,449.5,429.0,433.5,441.5,3248512.0,I888,20170605
10,2167.0,2050.0,2122.0,2051.0,7983244.0,RB888,20170605
11,1036.5,992.5,996.0,1019.5,178148.0,J888,20170605
12,2085.0,2018.0,2040.0,2071.0,6740960.0,RB888,20170606
13,1039.0,985.0,1018.0,1027.5,189214.0,J888,20170606
14,444.5,430.0,437.0,438.5,2834492.0,I888,20170606
15,1051.0,1016.0,1016.0,1030.5,133036.0,J888,20170607
16,444.0,433.5,437.5,439.0,2084592.0,I888,20170607
17,2108.0,2047.0,2071.0,2074.0,6244994.0,RB888,20170607
18,1048.0,1018.0,1023.5,1034.5,138116.0,J888,20170608
19,443.0,428.5,438.5,429.5,2845264.0,I888,20170608
20,2137.0,2036.0,2080.0,2080.0,9025802.0,RB888,20170608
21,1052.5,1025.0,1038.0,1030.0,125630.0,J888,20170609
22,434.0,425.5,429.5,430.0,2071446.0,I888,20170609
23,2133.0,2066.0,2080.0,2129.0,6275936.0,RB888,20170609
24,1076.0,1024.0,1024.0,1066.0,160140.0,J888,20170612
25,2163.0,2112.0,2142.0,2145.0,6298340.0,RB888,20170612
26,444.0,428.5,429.5,440.5,2503858.0,I888,20170612
27,2157.0,2044.0,2147.0,2047.0,5864856.0,RB888,20170613
28,1076.0,1048.0,1063.5,1049.5,128590.0,J888,20170613
29,442.0,424.5,441.0,425.0,2203790.0,I888,20170613
30,2198.0,2042.0,2047.0,2196.0,8388128.0,RB888,20170614
31,1132.0,1023.0,1053.0,1130.5,295256.0,J888,20170614
32,438.5,419.0,423.5,438.5,2694020.0,I888,20170614
33,2236.0,2135.0,2192.0,2223.0,8854462.0,RB888,20170615
34,1139.0,1099.5,1122.0,1125.0,237828.0,J888,20170615
35,438.0,423.0,436.5,429.5,2641944.0,I888,20170615
36,1165.5,1111.0,1122.0,1154.0,211488.0,J888,20170616
37,442.5,428.5,431.5,433.0,2911200.0,I888,20170616
38,2268.0,2187.0,2217.0,2203.0,7986648.0,RB888,20170616
39,446.0,432.0,434.5,439.0,2370300.0,I888,20170619
40,2297.0,2205.0,2212.0,2252.0,7269176.0,RB888,20170619
41,1233.0,1146.0,1153.0,1205.5,276370.0,J888,20170619
42,444.0,434.5,439.0,437.0,2003558.0,I888,20170620
43,2262.0,2196.0,2256.0,2221.0,6469594.0,RB888,20170620
44,1230.5,1194.5,1212.5,1201.5,215918.0,J888,20170620
45,440.0,426.0,435.5,440.0,2135430.0,I888,20170621
46,2212.0,2146.0,2211.0,2181.0,6953398.0,RB888,20170621
47,1227.5,1190.5,1198.0,1218.5,239622.0,J888,20170621
48,2235.0,2142.0,2191.0,2143.0,8068116.0,RB888,20170622
49,1268.0,1216.0,1225.0,1234.5,256302.0,J888,20170622
50,445.0,431.5,441.5,432.0,2221854.0,I888,20170622
51,1259.0,1221.0,1234.0,1248.5,221078.0,J888,20170623
52,441.0,432.0,434.0,440.5,1695332.0,I888,20170623
53,2222.0,2146.0,2149.0,2216.0,6795422.0,RB888,20170623
54,1255.0,1230.0,1253.5,1247.0,180846.0,J888,20170626
55,441.0,434.0,440.5,439.5,1646854.0,I888,20170626
56,2261.0,2200.0,2217.0,2260.0,6297226.0,RB888,20170626
57,1293.0,1243.0,1250.0,1292.0,214230.0,J888,20170627
58,464.5,438.0,441.0,463.0,2833952.0,I888,20170627
59,2337.0,2244.0,2264.0,2336.0,6593804.0,RB888,20170627
60,467.0,460.0,463.5,464.0,2114730.0,I888,20170628
61,2403.0,2336.0,2338.0,2391.0,6083548.0,RB888,20170628
62,1314.5,1280.0,1293.0,1304.5,192848.0,J888,20170628
63,2442.0,2364.0,2400.0,2409.0,8409380.0,RB888,20170629
64,1400.5,1301.5,1301.5,1364.5,319236.0,J888,20170629
65,491.0,465.5,466.5,483.5,3448740.0,I888,20170629
66,2467.0,2385.0,2403.0,2459.0,7499712.0,RB888,20170630
67,1372.0,1334.5,1364.0,1365.0,185624.0,J888,20170630
68,483.0,471.5,481.5,480.0,2055140.0,I888,20170630
69,2527.0,2445.0,2453.0,2525.0,7327914.0,RB888,20170703
70,1409.0,1355.5,1363.0,1409.0,196812.0,J888,20170703
71,494.5,476.5,477.0,493.5,2282410.0,I888,20170703
72,2560.0,2453.0,2517.0,2472.0,7666870.0,RB888,20170704
73,499.5,468.5,495.5,471.5,2872450.0,I888,20170704
74,1423.5,1360.5,1403.0,1374.5,237170.0,J888,20170704
75,486.0,472.0,474.5,476.0,2675890.0,I888,20170705
76,2586.0,2481.0,2482.0,2532.0,8665272.0,RB888,20170705
77,1405.5,1369.5,1378.0,1385.5,204652.0,J888,20170705
78,479.0,463.5,471.5,477.5,2371124.0,I888,20170706
79,2535.0,2457.0,2512.0,2529.0,7893368.0,RB888,20170706
80,1400.5,1364.0,1385.0,1396.5,204272.0,J888,20170706
81,490.5,471.5,476.0,488.0,2380090.0,I888,20170707
82,2544.0,2465.0,2533.0,2540.0,7705736.0,RB888,20170707
83,1419.0,1380.5,1394.0,1411.5,171324.0,J888,20170707
84,2591.0,2517.0,2547.0,2554.0,6567710.0,RB888,20170710
85,1450.0,1408.5,1421.0,1444.0,229072.0,J888,20170710
86,492.0,481.5,487.0,486.5,2278746.0,I888,20170710
87,1498.0,1435.5,1444.0,1488.0,189056.0,J888,20170711
88,504.5,484.0,485.5,495.0,2490714.0,I888,20170711
89,2709.0,2541.0,2550.0,2677.0,7074976.0,RB888,20170711
90,1495.0,1451.0,1479.0,1464.5,186914.0,J888,20170712
91,505.5,490.0,495.5,495.0,2388802.0,I888,20170712
92,2727.0,2665.0,2677.0,2687.0,5648724.0,RB888,20170712
93,1498.5,1454.0,1468.0,1483.5,184752.0,J888,20170713
94,2772.0,2672.0,2692.0,2769.0,6170360.0,RB888,20170713
95,500.5,487.5,496.5,497.5,2009448.0,I888,20170713
96,2770.0,2640.0,2770.0,2663.0,8422600.0,RB888,20170714
97,1484.0,1435.5,1483.0,1453.0,216930.0,J888,20170714
98,497.0,478.5,495.5,487.5,2368892.0,I888,20170714
99,2780.0,2646.0,2647.0,2739.0,6886134.0,RB888,20170717
100,1523.0,1453.0,1454.5,1519.0,202528.0,J888,20170717
101,507.5,487.5,488.5,501.0,2309482.0,I888,20170717
102,2764.0,2685.0,2739.0,2698.0,6543818.0,RB888,20170718
103,1531.0,1500.0,1518.0,1515.5,148668.0,J888,20170718
104,530.5,502.5,503.0,523.5,2832810.0,I888,20170718
105,1566.5,1509.5,1514.0,1558.5,185856.0,J888,20170719
106,541.5,523.5,524.0,538.5,2185908.0,I888,20170719
107,2800.0,2695.0,2710.0,2791.0,6243064.0,RB888,20170719
108,543.0,522.0,541.0,523.5,2434782.0,I888,20170720
109,2787.0,2600.0,2779.0,2608.0,8574736.0,RB888,20170720
110,1563.0,1524.5,1558.0,1530.5,180910.0,J888,20170720
111,529.5,515.0,524.0,527.5,2168174.0,I888,20170721
112,2659.0,2579.0,2622.0,2637.0,6661080.0,RB888,20170721
113,1565.0,1502.5,1529.0,1559.0,261816.0,J888,20170721
114,531.0,508.5,529.5,518.5,2139696.0,I888,20170724
115,2678.0,2567.0,2640.0,2628.0,5893656.0,RB888,20170724
116,1587.0,1486.0,1557.0,1511.0,310982.0,J888,20170724
117,537.5,519.0,519.5,533.0,2525632.0,I888,20170725
118,1551.5,1496.0,1522.5,1545.0,200230.0,J888,20170725
119,2702.0,2597.0,2635.0,2680.0,6185898.0,RB888,20170725
120,1576.5,1544.5,1551.5,1550.5,196168.0,J888,20170726
121,541.0,520.5,537.5,524.5,2179768.0,I888,20170726
122,2751.0,2659.0,2691.0,2680.0,6233630.0,RB888,20170726
123,1569.0,1531.0,1543.0,1564.5,150958.0,J888,20170727
124,534.0,521.5,525.5,533.5,1825322.0,I888,20170727
125,2711.0,2616.0,2667.0,2682.0,6196006.0,RB888,20170727
126,1578.0,1550.5,1568.0,1571.0,155154.0,J888,20170728
127,540.5,529.5,532.5,536.5,1663260.0,I888,20170728
128,2707.0,2642.0,2678.0,2670.0,5509860.0,RB888,20170728
129,577.0,536.0,536.5,577.0,2145374.0,I888,20170731
130,2852.0,2671.0,2677.0,2845.0,6960054.0,RB888,20170731
131,1688.0,1568.5,1574.0,1677.0,271140.0,J888,20170731
132,2871.0,2805.0,2822.0,2810.0,4104670.0,RB888,20170801
133,1680.0,1651.0,1675.0,1666.0,126676.0,J888,20170801
134,584.5,572.5,578.5,576.0,1355682.0,I888,20170801
135,2860.0,2774.0,2807.0,2837.0,3965622.0,RB888,20170802
136,1711.5,1648.0,1658.0,1703.0,142272.0,J888,20170802
137,577.0,561.5,575.5,573.5,2000100.0,I888,20170802
138,1722.5,1669.0,1709.0,1681.5,254980.0,J888,20170803
139,586.5,565.0,571.5,573.0,2534086.0,I888,20170803
140,2903.0,2814.0,2827.0,2888.0,4027018.0,RB888,20170803
141,585.5,568.5,574.5,578.0,2259962.0,I888,20170804
142,3011.0,2877.0,2892.0,2994.0,3464504.0,RB888,20170804
143,1686.0,1636.0,1677.0,1670.5,278232.0,J888,20170804
144,617.0,571.5,578.5,593.5,3670562.0,I888,20170807
145,3213.0,2978.0,2992.0,3191.0,4377190.0,RB888,20170807
146,1769.0,1640.0,1663.0,1705.5,426406.0,J888,20170807
147,603.5,572.5,594.0,578.5,2942900.0,I888,20170808
148,3231.0,3128.0,3182.0,3158.0,2527256.0,RB888,20170808
149,1756.0,1701.0,1705.0,1739.0,251796.0,J888,20170808
150,3282.0,3141.0,3165.0,3280.0,7154166.0,RB888,20170809
151,1808.0,1734.5,1738.5,1803.5,268600.0,J888,20170809
152,598.0,576.5,580.5,596.0,3084558.0,I888,20170809
153,1826.5,1776.0,1803.0,1819.0,241028.0,J888,20170810
154,601.5,582.0,593.5,593.0,3010998.0,I888,20170810
155,3290.0,3189.0,3262.0,3238.0,7482000.0,RB888,20170810
156,1878.0,1780.5,1814.0,1824.5,453076.0,J888,20170811
157,600.5,557.0,589.5,565.5,3675534.0,I888,20170811
158,3267.0,3086.0,3219.0,3136.0,9155740.0,RB888,20170811
159,1838.5,1753.0,1807.0,1765.5,404554.0,J888,20170814
160,572.5,554.0,565.5,556.5,2492266.0,I888,20170814
161,3168.0,3060.0,3135.0,3081.0,7245232.0,RB888,20170814
162,1788.5,1712.0,1761.0,1778.5,429064.0,J888,20170815
163,3083.0,2969.0,3074.0,3021.0,4333142.0,RB888,20170815
164,563.0,548.0,557.5,559.5,2429130.0,I888,20170815
165,3043.0,2970.0,3016.0,2981.0,3306254.0,RB888,20170816
166,1793.0,1757.0,1780.0,1777.0,315136.0,J888,20170816
167,562.5,547.5,559.0,553.0,2356192.0,I888,20170816
168,3134.0,2995.0,3000.0,3083.0,5557758.0,RB888,20170817
169,1931.0,1787.0,1788.0,1911.5,494756.0,J888,20170817
170,591.0,553.5,554.5,584.0,3966858.0,I888,20170817
171,3174.0,3050.0,3074.0,3169.0,3634340.0,RB888,20170818
172,1930.5,1886.0,1903.0,1926.5,271428.0,J888,20170818
173,613.5,576.0,581.5,610.0,3216212.0,I888,20170818
174,2001.0,1842.0,1903.0,1972.0,536724.0,J888,20170821
175,630.5,590.5,602.0,625.5,4259458.0,I888,20170821
176,3268.0,3077.0,3142.0,3236.0,4277788.0,RB888,20170821
177,639.0,623.5,629.0,635.5,2784600.0,I888,20170822
178,3272.0,3161.0,3244.0,3207.0,3381224.0,RB888,20170822
179,2018.0,1959.5,1976.0,2015.5,335638.0,J888,20170822
180,632.0,594.5,632.0,608.0,3691470.0,I888,20170823
181,3192.0,2984.0,3192.0,3053.0,5422838.0,RB888,20170823
182,2036.0,1933.0,2018.0,2009.5,603228.0,J888,20170823
183,3154.0,3020.0,3053.0,3132.0,4439100.0,RB888,20170824
184,2080.0,1992.0,2008.5,2056.0,422560.0,J888,20170824
185,627.0,598.5,607.5,612.0,3464054.0,I888,20170824
186,2145.0,2055.5,2062.0,2132.5,413646.0,J888,20170825
187,630.5,606.5,612.0,615.0,3192398.0,I888,20170825
188,3252.0,3120.0,3129.0,3204.0,4113372.0,RB888,20170825
189,2141.5,2068.0,2118.0,2134.0,450406.0,J888,20170828
190,618.0,583.0,612.0,602.0,3388816.0,I888,20170828
191,3234.0,3079.0,3194.0,3206.0,4434592.0,RB888,20170828
192,2160.5,2023.0,2134.0,2045.5,529292.0,J888,20170829
193,607.0,580.0,602.5,583.5,3260358.0,I888,20170829
194,3224.0,3113.0,3200.0,3156.0,4324476.0,RB888,20170829
195,588.5,572.5,584.5,585.5,2741232.0,I888,20170830
196,3182.0,3082.0,3159.0,3142.0,4006358.0,RB888,20170830
197,2061.0,1992.5,2060.0,2044.5,421730.0,J888,20170830
198,3203.0,3056.0,3128.0,3201.0,5042166.0,RB888,20170831
199,2044.0,1959.0,2044.0,2003.0,497956.0,J888,20170831
200,604.0,576.0,584.5,602.5,3320378.0,I888,20170831
201,3371.0,3177.0,3189.0,3336.0,5397808.0,RB888,20170901
202,2056.5,1985.5,1999.0,1999.0,457920.0,J888,20170901
203,618.0,598.0,599.5,612.5,3081276.0,I888,20170901
204,3468.0,3314.0,3334.0,3334.0,4660264.0,RB888,20170904
205,2057.0,1941.0,1997.5,1942.0,532726.0,J888,20170904
206,627.5,594.5,611.5,595.0,3528408.0,I888,20170904
207,3401.0,3325.0,3334.0,3358.0,3474268.0,RB888,20170905
208,609.0,592.0,596.5,605.5,2819660.0,I888,20170905
209,1990.5,1917.0,1948.0,1963.0,419082.0,J888,20170905
210,616.0,578.5,606.0,579.5,3613032.0,I888,20170906
211,3411.0,3257.0,3355.0,3260.0,4279668.0,RB888,20170906
212,2029.5,1940.0,1971.0,1998.0,516182.0,J888,20170906
213,586.0,570.0,580.5,575.0,3291534.0,I888,20170907
214,3301.0,3208.0,3272.0,3232.0,4500946.0,RB888,20170907
215,2048.0,1979.5,2001.0,2033.5,446016.0,J888,20170907
216,591.0,560.5,575.5,564.0,3640130.0,I888,20170908
217,3312.0,3161.0,3225.0,3190.0,5079692.0,RB888,20170908
218,2117.5,2023.0,2039.0,2060.0,558316.0,J888,20170908
219,3220.0,3109.0,3186.0,3189.0,3909502.0,RB888,20170911
220,2081.5,1961.0,2066.0,2072.5,615226.0,J888,20170911
221,567.5,548.5,564.5,563.0,3225912.0,I888,20170911
222,2128.0,2076.0,2078.0,2126.0,428536.0,J888,20170912
223,578.5,557.5,564.0,577.5,3412948.0,I888,20170912
224,3239.0,3152.0,3189.0,3233.0,4357690.0,RB888,20170912
225,2131.0,2070.0,2126.0,2087.0,353040.0,J888,20170913
226,582.0,558.0,576.5,563.5,3077162.0,I888,20170913
227,3275.0,3174.0,3225.0,3188.0,4162678.0,RB888,20170913
228,2096.5,2008.5,2088.5,2032.5,488778.0,J888,20170914
229,564.5,537.0,561.5,539.5,3510428.0,I888,20170914
230,3214.0,3092.0,3187.0,3105.0,5110450.0,RB888,20170914
231,544.0,532.5,540.0,537.5,2447232.0,I888,20170915
232,3132.0,3051.0,3105.0,3079.0,3729164.0,RB888,20170915
233,2037.5,1928.0,2037.0,1937.0,462094.0,J888,20170915
234,3104.0,3016.0,3082.0,3075.0,3851596.0,RB888,20170918
235,1940.0,1816.0,1928.0,1843.5,608090.0,J888,20170918
236,543.5,523.0,536.0,541.0,3118512.0,I888,20170918
237,3108.0,3009.0,3070.0,3014.0,3327328.0,RB888,20170919
238,1886.0,1832.0,1846.0,1835.0,345808.0,J888,20170919
239,544.0,527.5,541.0,527.5,2421080.0,I888,20170919
240,3062.0,2981.0,3012.0,3032.0,3418992.0,RB888,20170920
241,1868.0,1768.0,1833.0,1855.0,543772.0,J888,20170920
242,532.5,517.0,524.5,522.0,2650204.0,I888,20170920
243,1874.0,1743.0,1857.5,1744.0,533580.0,J888,20170921
244,528.5,500.5,523.5,501.5,3334156.0,I888,20170921
245,3073.0,2924.0,3042.0,2929.0,4317254.0,RB888,20170921
246,504.0,493.0,501.0,496.0,2355756.0,I888,20170922
247,2928.0,2801.0,2924.0,2828.0,3657024.0,RB888,20170922
248,1752.5,1684.0,1743.0,1690.0,406738.0,J888,20170922
249,503.0,487.0,498.5,497.5,2557130.0,I888,20170925
250,2902.0,2805.0,2848.0,2877.0,3402282.0,RB888,20170925
251,1722.0,1614.0,1698.0,1670.5,599836.0,J888,20170925
252,502.5,491.5,498.5,494.0,2260414.0,I888,20170926
253,2924.0,2860.0,2873.0,2888.0,3101096.0,RB888,20170926
254,1709.5,1640.5,1676.5,1653.5,438276.0,J888,20170926
255,505.0,489.5,494.5,502.5,2859694.0,I888,20170927
256,1687.0,1630.5,1640.0,1642.0,454716.0,J888,20170927
257,2958.0,2882.0,2887.0,2953.0,3315054.0,RB888,20170927
258,1656.0,1516.0,1638.5,1533.0,605406.0,J888,20170928
259,507.5,473.5,505.0,480.5,3306600.0,I888,20170928
260,2998.0,2845.0,2964.0,2880.0,4395896.0,RB888,20170928
261,1617.0,1499.0,1533.0,1603.0,498060.0,J888,20170929
262,488.5,475.5,481.5,484.0,2215878.0,I888,20170929
263,2973.0,2798.0,2889.0,2969.0,3387018.0,RB888,20170929
264,1647.0,1508.5,1604.5,1542.0,340090.0,J888,20171009
265,494.0,466.5,491.5,472.0,1771252.0,I888,20171009
266,3069.0,2948.0,3042.0,2975.0,2497018.0,RB888,20171009
267,477.5,464.0,471.5,469.5,2195960.0,I888,20171010
268,2976.0,2826.0,2969.0,2827.0,3736474.0,RB888,20171010
269,1542.0,1460.0,1539.5,1463.5,441804.0,J888,20171010
270,2892.0,2786.0,2824.0,2797.0,3363060.0,RB888,20171011
271,1512.0,1441.5,1460.0,1448.5,476908.0,J888,20171011
272,474.5,465.0,468.0,465.5,1988876.0,I888,20171011
273,2974.0,2777.0,2797.0,2941.0,4779306.0,RB888,20171012
274,1504.5,1423.0,1448.0,1478.5,571050.0,J888,20171012
275,479.0,455.0,465.0,471.0,3120394.0,I888,20171012
276,3094.0,2917.0,2939.0,3089.0,4049004.0,RB888,20171013
277,486.0,467.5,470.5,485.0,3110316.0,I888,20171013
278,1557.0,1461.5,1468.5,1548.5,571200.0,J888,20171013
279,500.0,481.5,485.5,492.5,3547454.0,I888,20171016
280,3152.0,3046.0,3092.0,3098.0,3796496.0,RB888,20171016
281,1641.5,1521.0,1546.0,1557.5,750048.0,J888,20171016
282,497.0,475.0,492.5,482.5,3541910.0,I888,20171017
283,3109.0,2989.0,3098.0,3014.0,3919334.0,RB888,20171017
284,1556.0,1461.0,1553.5,1477.0,734610.0,J888,20171017
285,494.5,481.5,483.5,488.5,2909700.0,I888,20171018
286,3044.0,2959.0,3013.0,2960.0,2916468.0,RB888,20171018
287,1496.0,1433.0,1468.0,1433.5,516708.0,J888,20171018
288,2965.0,2840.0,2965.0,2878.0,3844860.0,RB888,20171019
289,1436.5,1341.0,1433.5,1345.0,609954.0,J888,20171019
290,487.5,466.5,486.0,473.5,3518520.0,I888,20171019
291,1435.0,1339.0,1345.0,1420.5,569114.0,J888,20171020
292,499.0,470.5,472.5,498.5,3314666.0,I888,20171020
293,3051.0,2865.0,2875.0,3050.0,3610592.0,RB888,20171020
294,1437.0,1325.0,1422.0,1346.0,694882.0,J888,20171023
295,501.0,477.5,496.5,488.0,3844928.0,I888,20171023
296,3052.0,2876.0,3051.0,2974.0,4416066.0,RB888,20171023
297,1388.0,1321.0,1342.0,1339.0,532624.0,J888,20171024
298,497.5,483.0,488.5,487.0,2773262.0,I888,20171024
299,3051.0,2946.0,2972.0,3013.0,3076650.0,RB888,20171024
300,1393.0,1329.5,1340.0,1380.0,533176.0,J888,20171025
301,3088.0,2954.0,3019.0,2977.0,3378510.0,RB888,20171025
302,495.5,479.0,487.5,484.5,2924034.0,I888,20171025
303,2979.0,2902.0,2956.0,2924.0,3187124.0,RB888,20171026
304,1406.0,1372.0,1380.0,1389.0,409602.0,J888,20171026
305,486.0,479.5,484.0,483.0,1907358.0,I888,20171026
306,2939.0,2839.0,2924.0,2851.0,2991008.0,RB888,20171027
307,1422.0,1354.0,1393.0,1382.5,472974.0,J888,20171027
308,482.0,456.0,480.5,457.5,3088966.0,I888,20171027
309,2902.0,2835.0,2855.0,2845.0,2092610.0,RB888,20171030
310,1407.0,1336.5,1382.5,1341.0,452570.0,J888,20171030
311,462.5,450.5,455.0,454.5,2271780.0,I888,20171030
312,1355.5,1314.5,1338.0,1328.5,391012.0,J888,20171031
313,462.5,451.0,454.5,457.5,2071056.0,I888,20171031
314,2939.0,2809.0,2849.0,2902.0,3080286.0,RB888,20171031
315,468.5,455.5,458.5,459.0,2236238.0,I888,20171101
316,2931.0,2835.0,2908.0,2837.0,2340156.0,RB888,20171101
317,1379.0,1329.0,1330.0,1346.5,373040.0,J888,20171101
318,476.5,455.5,458.0,471.5,2644964.0,I888,20171102
319,2954.0,2829.0,2854.0,2916.0,2629562.0,RB888,20171102
320,1414.5,1339.0,1339.0,1404.0,418338.0,J888,20171102
321,2941.0,2867.0,2912.0,2886.0,1712470.0,RB888,20171103
322,1406.0,1373.0,1404.0,1387.0,329396.0,J888,20171103
323,475.5,465.5,471.0,469.0,2013624.0,I888,20171103
324,1457.5,1379.0,1384.0,1448.5,400746.0,J888,20171106
325,498.5,469.0,470.5,497.5,2956588.0,I888,20171106
326,3022.0,2886.0,2896.0,3010.0,1871584.0,RB888,20171106
327,1503.0,1454.0,1459.0,1489.0,427706.0,J888,20171107
328,504.5,491.0,497.5,498.5,2516836.0,I888,20171107
329,3026.0,2956.0,3013.0,2981.0,1233250.0,RB888,20171107
330,1532.5,1471.0,1482.5,1525.5,375132.0,J888,20171108
331,502.0,491.0,498.5,495.5,2296626.0,I888,20171108
332,3017.0,2949.0,2979.0,2998.0,1226686.0,RB888,20171108
333,509.0,485.5,495.5,490.0,3464306.0,I888,20171109
334,3106.0,2999.0,3010.0,3034.0,1794952.0,RB888,20171109
335,1602.0,1481.5,1533.0,1497.0,676910.0,J888,20171109
336,3080.0,3001.0,3034.0,3070.0,3690886.0,RB888,20171110
337,1509.5,1448.5,1478.0,1484.5,502148.0,J888,20171110
338,496.0,482.5,490.5,492.0,2244006.0,I888,20171110
339,3119.0,3014.0,3084.0,3077.0,4635840.0,RB888,20171113
340,1493.0,1420.0,1485.0,1441.5,504478.0,J888,20171113
341,497.5,483.5,492.5,494.5,2413384.0,I888,20171113
342,3104.0,3043.0,3073.0,3078.0,3540442.0,RB888,20171114
343,1508.0,1448.0,1450.5,1500.5,429842.0,J888,20171114
344,500.5,491.0,494.5,494.0,1902728.0,I888,20171114
345,3102.0,2950.0,3079.0,2979.0,4239284.0,RB888,20171115
346,499.0,472.5,495.0,475.5,2484966.0,I888,20171115
347,1521.5,1408.0,1498.0,1454.5,607934.0,J888,20171115
348,490.0,475.0,476.0,487.5,1965000.0,I888,20171116
349,3002.0,2930.0,2992.0,2954.0,3629530.0,RB888,20171116
350,1490.0,1451.5,1460.0,1469.5,395704.0,J888,20171116
351,499.0,487.0,488.0,492.0,2269146.0,I888,20171117
352,2977.0,2895.0,2955.0,2906.0,3698712.0,RB888,20171117
353,1516.0,1465.0,1471.0,1494.0,407154.0,J888,20171117
354,504.5,487.5,493.5,499.5,1988754.0,I888,20171120
355,2981.0,2901.0,2901.0,2970.0,3677614.0,RB888,20171120
356,1571.5,1479.0,1496.0,1564.0,419292.0,J888,20171120
357,3052.0,2950.0,2972.0,3037.0,3923448.0,RB888,20171121
358,1589.5,1542.0,1564.0,1575.5,396154.0,J888,20171121
359,504.0,496.0,500.5,499.5,1395710.0,I888,20171121
360,1651.5,1571.5,1578.0,1651.5,403400.0,J888,20171122
361,508.0,496.0,500.5,504.0,1492042.0,I888,20171122
362,3102.0,3035.0,3043.0,3091.0,3833336.0,RB888,20171122
363,1690.0,1613.5,1650.0,1627.0,442344.0,J888,20171123
364,519.5,504.5,505.5,513.5,2297878.0,I888,20171123
365,3132.0,3082.0,3091.0,3100.0,4006456.0,RB888,20171123
366,1684.5,1620.5,1627.0,1677.5,405624.0,J888,20171124
367,3107.0,2998.0,3104.0,3088.0,3491612.0,RB888,20171124
368,521.5,507.0,514.0,519.5,1999448.0,I888,20171124
369,3162.0,3066.0,3089.0,3107.0,4268610.0,RB888,20171127
370,1703.5,1654.0,1686.0,1664.5,316314.0,J888,20171127
371,522.5,508.5,519.5,511.0,2208348.0,I888,20171127
372,3156.0,3106.0,3119.0,3146.0,3196028.0,RB888,20171128
373,1685.0,1615.0,1672.0,1662.0,326718.0,J888,20171128
374,513.0,501.5,511.5,510.5,2025496.0,I888,20171128
375,3240.0,3114.0,3159.0,3231.0,4711928.0,RB888,20171129
376,1667.0,1633.0,1658.0,1655.0,211928.0,J888,20171129
377,519.5,504.0,510.0,518.5,2221018.0,I888,20171129
378,1751.0,1642.0,1662.5,1729.5,442134.0,J888,20171130
379,532.5,512.5,518.5,526.0,2839380.0,I888,20171130
380,3317.0,3222.0,3234.0,3264.0,5024632.0,RB888,20171130
381,535.0,524.0,527.5,532.0,2304320.0,I888,20171201
382,3292.0,3202.0,3267.0,3251.0,4326984.0,RB888,20171201
383,1770.5,1722.0,1733.5,1769.5,319346.0,J888,20171201
384,561.0,531.5,533.0,554.0,2891074.0,I888,20171204
385,3378.0,3226.0,3246.0,3330.0,4711716.0,RB888,20171204
386,1834.0,1748.5,1774.5,1764.0,496534.0,J888,20171204
387,559.0,543.5,553.5,545.5,2427642.0,I888,20171205
388,3359.0,3278.0,3331.0,3299.0,3812332.0,RB888,20171205
389,1821.5,1745.5,1764.5,1752.5,525028.0,J888,20171205
390,550.0,527.0,546.0,529.0,2761820.0,I888,20171206
391,1779.0,1726.5,1757.5,1761.5,471618.0,J888,20171206
392,3306.0,3179.0,3299.0,3190.0,4813668.0,RB888,20171206
393,1771.5,1583.5,1765.5,1583.5,702506.0,J888,20171207
394,530.5,498.0,529.5,500.5,3266458.0,I888,20171207
395,3216.0,3033.0,3200.0,3102.0,5701228.0,RB888,20171207
396,1655.5,1523.5,1574.5,1640.5,785358.0,J888,20171208
397,514.5,496.0,502.0,512.5,2763314.0,I888,20171208
398,3186.0,3080.0,3104.0,3169.0,4421804.0,RB888,20171208
399,1723.0,1620.0,1635.5,1679.5,737542.0,J888,20171211
400,526.0,501.0,512.0,501.5,3375408.0,I888,20171211
401,3241.0,3146.0,3167.0,3186.0,5323908.0,RB888,20171211
402,520.5,501.0,504.0,509.0,3390808.0,I888,20171212
403,3262.0,3136.0,3197.0,3158.0,5101036.0,RB888,20171212
404,1720.5,1658.0,1683.5,1686.5,620134.0,J888,20171212
405,3166.0,3090.0,3158.0,3105.0,5618008.0,RB888,20171213
406,1700.5,1627.0,1684.5,1644.0,627158.0,J888,20171213
407,516.5,497.0,508.5,512.0,3598430.0,I888,20171213
408,3134.0,3047.0,3106.0,3060.0,4839396.0,RB888,20171214
409,1655.5,1561.5,1645.5,1573.5,590178.0,J888,20171214
410,515.0,501.0,512.5,504.0,2910392.0,I888,20171214
411,3113.0,3044.0,3056.0,3098.0,3715426.0,RB888,20171215
412,1633.5,1566.0,1575.5,1631.5,461884.0,J888,20171215
413,516.5,499.0,505.0,514.0,2740774.0,I888,20171215
414,1761.0,1636.5,1636.5,1735.0,805438.0,J888,20171218
415,546.0,513.5,515.0,542.0,4086158.0,I888,20171218
416,3192.0,3084.0,3113.0,3148.0,5875636.0,RB888,20171218
417,546.0,531.5,541.0,534.5,2871544.0,I888,20171219
418,3152.0,3052.0,3150.0,3065.0,4955962.0,RB888,20171219
419,1741.5,1665.5,1735.5,1694.5,558686.0,J888,20171219
420,537.5,528.5,533.5,535.0,2298192.0,I888,20171220
421,3109.0,3035.0,3063.0,3078.0,4264388.0,RB888,20171220
422,1698.5,1637.5,1694.5,1656.0,490500.0,J888,20171220
423,555.5,531.5,536.0,538.0,3882170.0,I888,20171221
424,3158.0,3069.0,3085.0,3127.0,5351426.0,RB888,20171221
425,1725.0,1623.5,1664.5,1647.5,660386.0,J888,20171221
426,3228.0,3124.0,3127.0,3216.0,4986930.0,RB888,20171222
427,1700.5,1636.5,1650.5,1693.5,504942.0,J888,20171222
428,553.0,534.0,538.5,552.0,3143190.0,I888,20171222
429,1721.5,1580.5,1707.5,1583.5,644072.0,J888,20171225
430,557.5,529.5,552.0,531.5,3289194.0,I888,20171225
431,3222.0,3058.0,3218.0,3061.0,5165730.0,RB888,20171225
432,1614.5,1569.0,1583.5,1603.0,438190.0,J888,20171226
433,531.0,517.5,531.0,527.5,2973036.0,I888,20171226
434,3110.0,3048.0,3054.0,3096.0,4103050.0,RB888,20171226
435,1614.5,1540.5,1599.5,1545.5,542298.0,J888,20171227
436,530.5,520.0,527.0,521.5,2790868.0,I888,20171227
437,3103.0,3058.0,3094.0,3066.0,4050510.0,RB888,20171227
438,1573.5,1538.5,1550.5,1557.0,367110.0,J888,20171228
439,3074.0,3014.0,3054.0,3032.0,4411490.0,RB888,20171228
440,529.0,516.5,522.0,524.5,2254444.0,I888,20171228
441,3098.0,3022.0,3027.0,3068.0,4377144.0,RB888,20171229
442,1593.5,1528.5,1553.5,1555.0,584372.0,J888,20171229
443,544.5,523.0,524.0,537.5,3406882.0,I888,20171229
444,3160.0,3068.0,3075.0,3148.0,2961436.0,RB888,20180102
445,1610.5,1538.0,1548.5,1590.0,324554.0,J888,20180102
446,552.5,537.0,538.0,549.5,2036976.0,I888,20180102
447,3151.0,3077.0,3140.0,3083.0,3523844.0,RB888,20180103
448,1628.5,1580.5,1596.5,1590.5,416708.0,J888,20180103
449,553.0,541.0,550.0,542.0,2252858.0,I888,20180103
450,1675.5,1574.5,1590.5,1665.5,624594.0,J888,20180104
451,552.0,539.5,542.5,549.5,2512456.0,I888,20180104
452,3116.0,3062.0,3079.0,3093.0,3747764.0,RB888,20180104
453,557.0,534.0,549.0,544.5,3211498.0,I888,20180105
454,3101.0,3034.0,3086.0,3072.0,3941160.0,RB888,20180105
455,1671.0,1613.5,1664.5,1637.0,458610.0,J888,20180105
456,562.0,540.0,544.0,561.5,2877200.0,I888,20180108
457,3094.0,3007.0,3069.0,3092.0,4329290.0,RB888,20180108
458,1665.0,1615.5,1628.5,1665.0,393276.0,J888,20180108
459,568.5,560.5,561.0,566.5,2155746.0,I888,20180109
460,1670.5,1636.5,1665.5,1647.5,278980.0,J888,20180109
461,3117.0,3084.0,3092.0,3093.0,3148548.0,RB888,20180109
462,1648.0,1587.5,1646.0,1600.5,444100.0,J888,20180110
463,571.0,558.0,567.0,563.5,2205660.0,I888,20180110
464,3142.0,3066.0,3092.0,3123.0,4174000.0,RB888,20180110
465,1614.5,1583.5,1606.0,1605.0,327706.0,J888,20180111
466,566.5,555.0,564.5,562.0,2108254.0,I888,20180111
467,3150.0,3098.0,3132.0,3112.0,3631732.0,RB888,20180111
468,1607.5,1577.0,1605.5,1586.5,297254.0,J888,20180112
469,564.0,545.5,562.0,550.0,2613724.0,I888,20180112
470,3123.0,3052.0,3112.0,3064.0,3298806.0,RB888,20180112
471,550.0,537.0,548.0,542.5,2278106.0,I888,20180115
472,3085.0,3023.0,3060.0,3076.0,3097214.0,RB888,20180115
473,1594.5,1539.5,1583.5,1559.5,317734.0,J888,20180115
474,3118.0,3062.0,3077.0,3064.0,3670054.0,RB888,20180116
475,1573.0,1521.5,1559.5,1535.0,344260.0,J888,20180116
476,548.5,533.0,544.0,535.5,2299402.0,I888,20180116
477,3115.0,3057.0,3062.0,3101.0,4281478.0,RB888,20180117
478,1544.5,1505.5,1539.0,1534.5,365186.0,J888,20180117
479,540.5,531.5,533.0,537.5,2142242.0,I888,20180117
480,3142.0,3089.0,3099.0,3133.0,3516314.0,RB888,20180118
481,1555.5,1528.5,1532.0,1542.0,248522.0,J888,20180118
482,545.5,535.5,537.0,543.0,1856046.0,I888,20180118
483,3201.0,3129.0,3141.0,3200.0,4341444.0,RB888,20180119
484,550.5,537.0,544.0,549.5,2322114.0,I888,20180119
485,1571.5,1518.5,1544.5,1562.5,340452.0,J888,20180119
486,553.5,544.0,550.5,546.5,2007030.0,I888,20180122
487,3248.0,3190.0,3211.0,3201.0,3595842.0,RB888,20180122
488,1613.5,1559.5,1565.5,1572.0,400970.0,J888,20180122
489,547.0,523.0,546.5,527.5,2972356.0,I888,20180123
490,3207.0,3148.0,3204.0,3186.0,4132416.0,RB888,20180123
491,1586.0,1541.0,1573.5,1568.5,322280.0,J888,20180123
492,531.5,524.0,524.5,528.0,1478578.0,I888,20180124
493,3222.0,3170.0,3178.0,3211.0,2808360.0,RB888,20180124
494,1584.5,1550.5,1568.5,1576.0,245712.0,J888,20180124
495,3272.0,3190.0,3207.0,3240.0,3860830.0,RB888,20180125
496,1653.5,1572.5,1575.0,1639.0,398062.0,J888,20180125
497,542.0,524.5,529.0,535.5,2313198.0,I888,20180125
498,1642.0,1605.5,1634.0,1616.5,278436.0,J888,20180126
499,536.5,521.0,535.5,525.0,2300262.0,I888,20180126
500,3250.0,3194.0,3239.0,3219.0,2985708.0,RB888,20180126
501,1640.5,1596.5,1620.5,1608.0,283368.0,J888,20180129
502,528.0,517.0,525.5,520.5,1829528.0,I888,20180129
503,3242.0,3197.0,3216.0,3219.0,2502918.0,RB888,20180129
504,1622.5,1576.5,1606.5,1588.0,270312.0,J888,20180130
505,527.5,519.5,520.0,523.5,1670784.0,I888,20180130
506,3218.0,3177.0,3212.0,3195.0,2680272.0,RB888,20180130
507,526.0,510.5,523.0,516.0,2106122.0,I888,20180131
508,3262.0,3166.0,3193.0,3189.0,2741322.0,RB888,20180131
509,1599.5,1557.0,1593.5,1582.5,300678.0,J888,20180131
510,3243.0,3193.0,3194.0,3205.0,3082336.0,RB888,20180201
511,1608.0,1567.5,1584.5,1575.0,287656.0,J888,20180201
512,518.0,509.5,516.5,512.5,1659682.0,I888,20180201
513,3247.0,3187.0,3195.0,3235.0,2699418.0,RB888,20180202
514,1625.5,1578.0,1585.5,1620.5,325974.0,J888,20180202
515,524.5,513.0,514.0,519.5,1937546.0,I888,20180202
516,3245.0,3196.0,3234.0,3241.0,2520722.0,RB888,20180205
517,1700.0,1616.5,1620.5,1699.0,437070.0,J888,20180205
518,533.5,519.5,520.0,532.5,2311538.0,I888,20180205
519,1715.5,1670.0,1699.5,1695.0,406438.0,J888,20180206
520,535.0,522.0,533.5,527.0,1954422.0,I888,20180206
521,3272.0,3205.0,3244.0,3217.0,3078200.0,RB888,20180206
522,533.5,524.0,527.5,532.5,1690794.0,I888,20180207
523,3239.0,3201.0,3223.0,3211.0,2060998.0,RB888,20180207
524,1743.0,1675.0,1694.5,1731.0,362986.0,J888,20180207
525,534.5,527.0,533.0,530.0,1540810.0,I888,20180208
526,3225.0,3190.0,3210.0,3204.0,2206992.0,RB888,20180208
527,1735.5,1708.5,1734.5,1722.5,283950.0,J888,20180208
528,541.5,525.0,530.5,529.5,2646280.0,I888,20180209
529,3220.0,3155.0,3202.0,3169.0,2574966.0,RB888,20180209
530,1742.5,1660.5,1725.5,1681.0,394084.0,J888,20180209
531,532.0,524.0,529.0,529.0,1374556.0,I888,20180212
532,1705.0,1656.0,1686.5,1686.0,267476.0,J888,20180212
533,3199.0,3156.0,3164.0,3192.0,1570766.0,RB888,20180212
534,1698.0,1666.5,1685.5,1687.0,151830.0,J888,20180213
535,537.0,527.5,529.0,535.0,1180578.0,I888,20180213
536,3209.0,3168.0,3194.0,3195.0,1344078.0,RB888,20180213
537,1726.5,1684.0,1687.5,1717.0,162910.0,J888,20180214
538,547.0,535.0,536.0,545.5,1211876.0,I888,20180214
539,3225.0,3190.0,3195.0,3208.0,1115116.0,RB888,20180214
540,1763.5,1698.5,1726.5,1751.5,195348.0,J888,20180222
541,551.0,538.5,546.5,544.5,1044934.0,I888,20180222
542,3229.0,3115.0,3222.0,3140.0,2061350.0,RB888,20180222
543,555.0,542.0,542.0,554.5,1565246.0,I888,20180223
544,3233.0,3115.0,3120.0,3223.0,3569646.0,RB888,20180223
545,1799.0,1733.5,1746.5,1796.5,293174.0,J888,20180223
546,3321.0,3212.0,3228.0,3302.0,2765834.0,RB888,20180226
547,1868.5,1786.5,1795.5,1854.5,310786.0,J888,20180226
548,562.5,551.0,554.0,555.0,1483200.0,I888,20180226
549,3314.0,3255.0,3312.0,3309.0,2380880.0,RB888,20180227
550,1859.5,1831.5,1850.5,1849.0,235682.0,J888,20180227
551,558.0,546.0,555.0,552.5,1564520.0,I888,20180227
552,1847.0,1801.5,1844.0,1815.0,290620.0,J888,20180228
553,552.5,546.5,552.0,549.0,1279690.0,I888,20180228
554,3308.0,3280.0,3304.0,3294.0,2004708.0,RB888,20180228
555,554.0,546.5,548.5,550.5,1554214.0,I888,20180301
556,3336.0,3286.0,3291.0,3306.0,2698576.0,RB888,20180301
557,1842.5,1804.5,1821.0,1834.0,273132.0,J888,20180301
558,552.0,540.5,548.5,545.0,1753878.0,I888,20180302
559,3303.0,3265.0,3296.0,3298.0,2319730.0,RB888,20180302
560,1828.5,1787.5,1828.5,1817.5,304842.0,J888,20180302
561,545.5,525.0,544.0,526.0,2067414.0,I888,20180305
562,3302.0,3222.0,3293.0,3231.0,2822262.0,RB888,20180305
563,1827.0,1743.5,1818.5,1752.5,369544.0,J888,20180305
564,3261.0,3193.0,3222.0,3243.0,3130932.0,RB888,20180306
565,1783.5,1730.5,1747.0,1769.5,308022.0,J888,20180306
566,530.5,522.5,526.0,526.5,1562240.0,I888,20180306
567,1787.0,1717.0,1774.0,1726.5,330974.0,J888,20180307
568,531.0,521.5,527.5,523.5,1708384.0,I888,20180307
569,3259.0,3159.0,3254.0,3164.0,3411932.0,RB888,20180307
570,1735.5,1675.5,1720.5,1687.5,358618.0,J888,20180308
571,521.5,506.5,521.0,506.5,1930252.0,I888,20180308
572,3167.0,3066.0,3159.0,3068.0,3825014.0,RB888,20180308
573,1702.0,1604.0,1681.5,1610.5,442570.0,J888,20180309
574,508.0,485.5,504.5,489.5,2810186.0,I888,20180309
575,3079.0,2937.0,3047.0,2983.0,5354170.0,RB888,20180309
576,1654.5,1572.5,1625.5,1577.5,458190.0,J888,20180312
577,3025.0,2950.0,3011.0,2983.0,4245310.0,RB888,20180312
578,495.5,481.5,492.5,485.0,2326494.0,I888,20180312
579,3013.0,2957.0,2990.0,2969.0,2974572.0,RB888,20180313
580,1593.0,1561.0,1576.5,1563.5,345894.0,J888,20180313
581,490.0,482.5,484.0,485.0,1684550.0,I888,20180313
582,3029.0,2931.0,2977.0,3009.0,4231252.0,RB888,20180314
583,1609.5,1535.5,1565.5,1596.5,458312.0,J888,20180314
584,499.5,484.5,486.0,496.0,2379184.0,I888,20180314
585,3043.0,3001.0,3022.0,3026.0,3267560.0,RB888,20180315
586,1600.0,1548.0,1590.5,1574.5,407312.0,J888,20180315
587,500.5,492.5,496.0,496.0,1857810.0,I888,20180315
588,1584.5,1551.5,1570.5,1571.5,314170.0,J888,20180316
589,496.0,487.0,495.5,489.5,1939940.0,I888,20180316
590,3032.0,2992.0,3026.0,3005.0,2793532.0,RB888,20180316
591,488.5,467.5,488.0,468.5,2744416.0,I888,20180319
592,3009.0,2912.0,3005.0,2925.0,3932802.0,RB888,20180319
593,1574.5,1499.5,1570.0,1520.5,486272.0,J888,20180319
594,471.5,459.5,468.5,465.0,2165438.0,I888,20180320
595,2941.0,2879.0,2920.0,2923.0,3093030.0,RB888,20180320
596,1548.5,1476.5,1525.5,1515.5,389948.0,J888,20180320
597,473.5,463.5,467.0,469.0,2381350.0,I888,20180321
598,2959.0,2882.0,2927.0,2891.0,3150512.0,RB888,20180321
599,1558.0,1515.5,1515.5,1532.5,353510.0,J888,20180321
600,2929.0,2863.0,2891.0,2893.0,3353098.0,RB888,20180322
601,1559.0,1520.5,1525.5,1540.0,346094.0,J888,20180322
602,479.5,468.5,470.5,472.5,2638230.0,I888,20180322
603,1544.0,1390.5,1540.5,1427.5,613306.0,J888,20180323
604,473.5,436.5,471.5,443.5,3724726.0,I888,20180323
605,2883.0,2643.0,2883.0,2643.0,6156296.0,RB888,20180323
606,1455.5,1399.0,1424.5,1409.0,351394.0,J888,20180326
607,449.5,440.5,443.5,445.0,2081784.0,I888,20180326
608,2689.0,2607.0,2653.0,2637.0,3940734.0,RB888,20180326
609,1446.5,1406.5,1415.5,1416.5,328660.0,J888,20180327
610,454.5,443.5,444.0,450.0,1889482.0,I888,20180327
611,2748.0,2626.0,2629.0,2707.0,3469360.0,RB888,20180327
612,451.5,433.5,449.5,444.5,2533648.0,I888,20180328
613,2755.0,2666.0,2718.0,2691.0,2592142.0,RB888,20180328
614,1424.0,1340.0,1416.5,1352.0,468188.0,J888,20180328
615,2774.0,2674.0,2697.0,2768.0,3252386.0,RB888,20180329
616,1361.5,1311.5,1350.5,1354.0,417184.0,J888,20180329
617,447.5,436.5,445.0,447.0,1838078.0,I888,20180329
618,2872.0,2752.0,2775.0,2870.0,3903414.0,RB888,20180330
619,1406.5,1338.5,1351.0,1397.5,418632.0,J888,20180330
620,450.0,437.0,447.0,449.5,2152332.0,I888,20180330
621,2959.0,2814.0,2865.0,2823.0,4829256.0,RB888,20180402
622,1503.5,1397.5,1400.0,1423.5,554850.0,J888,20180402
623,469.0,447.0,449.0,452.5,2516146.0,I888,20180402
624,2872.0,2805.0,2830.0,2833.0,4646490.0,RB888,20180403
625,460.5,442.0,453.0,447.0,1578380.0,I888,20180403
626,1471.0,1419.5,1430.5,1448.0,348476.0,J888,20180403
627,447.5,426.0,446.5,429.5,2739746.0,I888,20180404
628,2858.0,2784.0,2837.0,2797.0,4320168.0,RB888,20180404
629,1494.0,1434.5,1445.5,1464.5,333074.0,J888,20180404
630,437.0,424.0,428.5,435.0,2200544.0,I888,20180409
631,2894.0,2789.0,2797.0,2887.0,4219576.0,RB888,20180409
632,1483.0,1413.5,1447.5,1452.5,229410.0,J888,20180409
633,447.5,435.0,435.0,442.0,3090932.0,I888,20180410
634,2927.0,2873.0,2894.0,2898.0,4461648.0,RB888,20180410
635,1469.5,1438.5,1455.5,1452.0,157152.0,J888,20180410
636,2946.0,2865.0,2909.0,2874.0,5117786.0,RB888,20180411
637,1488.5,1406.0,1455.0,1409.5,490634.0,J888,20180411
638,452.0,437.0,443.5,438.5,3074554.0,I888,20180411
639,1419.0,1375.0,1410.0,1395.5,455666.0,J888,20180412
640,447.5,433.0,439.5,441.0,3560780.0,I888,20180412
641,2917.0,2851.0,2872.0,2881.0,4996770.0,RB888,20180412
642,1437.5,1376.0,1395.5,1423.0,452274.0,J888,20180413
643,448.0,435.0,439.0,444.5,3159766.0,I888,20180413
644,2952.0,2856.0,2879.0,2931.0,5542606.0,RB888,20180413
645,1452.0,1406.5,1424.0,1410.0,522658.0,J888,20180416
646,2941.0,2832.0,2929.0,2836.0,5051502.0,RB888,20180416
647,448.5,426.5,445.0,429.5,3725240.0,I888,20180416
648,2916.0,2823.0,2840.0,2863.0,5717310.0,RB888,20180417
649,1463.0,1395.5,1414.5,1451.0,495960.0,J888,20180417
650,436.5,425.0,430.0,430.0,3451174.0,I888,20180417
651,2975.0,2889.0,2890.0,2925.0,6277210.0,RB888,20180418
652,1530.0,1460.0,1460.0,1515.0,584762.0,J888,20180418
653,442.5,431.5,432.0,440.0,4024454.0,I888,20180418
654,3008.0,2942.0,2956.0,2995.0,6220952.0,RB888,20180419
655,1562.0,1512.0,1529.0,1557.5,525280.0,J888,20180419
656,467.0,445.0,445.0,466.0,4719180.0,I888,20180419
657,1553.0,1499.5,1551.0,1504.0,432054.0,J888,20180420
658,467.0,450.0,466.0,452.0,3863604.0,I888,20180420
659,2989.0,2921.0,2984.0,2933.0,4660282.0,RB888,20180420
660,473.5,450.5,453.0,468.0,4285054.0,I888,20180423
661,3034.0,2929.0,2934.0,3023.0,4872116.0,RB888,20180423
662,1604.0,1490.0,1508.0,1595.5,593534.0,J888,20180423
663,470.0,460.0,464.5,461.0,2779440.0,I888,20180424
664,3068.0,3001.0,3015.0,3041.0,3992888.0,RB888,20180424
665,1621.0,1576.5,1583.5,1602.5,492922.0,J888,20180424
666,468.0,456.5,461.0,458.5,3191744.0,I888,20180425
667,3073.0,3019.0,3049.0,3052.0,4221012.0,RB888,20180425
668,1608.0,1569.5,1606.0,1595.5,458646.0,J888,20180425
669,463.5,454.0,458.5,456.5,2312858.0,I888,20180426
670,1606.5,1558.5,1594.0,1580.0,456452.0,J888,20180426
671,3092.0,3015.0,3057.0,3037.0,4795470.0,RB888,20180426
672,1595.0,1546.0,1579.0,1558.5,470108.0,J888,20180427
673,462.0,446.0,456.0,451.5,2991624.0,I888,20180427
674,3079.0,3027.0,3030.0,3072.0,4499726.0,RB888,20180427
675,1658.5,1587.0,1597.5,1652.5,418394.0,J888,20180502
676,467.0,452.5,456.0,465.0,2342678.0,I888,20180502
677,3208.0,3113.0,3121.0,3206.0,4114388.0,RB888,20180502
678,1673.0,1634.0,1652.5,1647.5,387828.0,J888,20180503
679,473.0,462.5,466.0,465.0,2590440.0,I888,20180503
680,3212.0,3134.0,3208.0,3152.0,4217694.0,RB888,20180503
681,3167.0,3121.0,3147.0,3143.0,3693968.0,RB888,20180504
682,1665.5,1629.5,1648.5,1657.0,367596.0,J888,20180504
683,465.0,454.5,464.5,462.5,2858102.0,I888,20180504
684,466.5,451.0,461.0,461.0,3231888.0,I888,20180507
685,1701.0,1632.0,1654.0,1689.5,500210.0,J888,20180507
686,3169.0,3095.0,3142.0,3136.0,4811508.0,RB888,20180507
687,3151.0,3113.0,3136.0,3116.0,3148852.0,RB888,20180508
688,1710.0,1679.0,1694.0,1686.0,321426.0,J888,20180508
689,468.5,459.0,461.0,467.0,2758820.0,I888,20180508
690,3109.0,3042.0,3105.0,3050.0,4787862.0,RB888,20180509
691,1689.0,1637.0,1689.0,1649.5,418114.0,J888,20180509
692,466.5,459.0,465.0,461.0,2655926.0,I888,20180509
693,1679.0,1641.5,1648.0,1663.0,359996.0,J888,20180510
694,466.0,456.0,459.0,461.0,2409616.0,I888,20180510
695,3097.0,3054.0,3056.0,3094.0,3814674.0,RB888,20180510
696,478.0,460.0,462.5,473.5,3327274.0,I888,20180511
697,3165.0,3099.0,3107.0,3154.0,3980122.0,RB888,20180511
698,1741.5,1666.5,1669.0,1730.5,486914.0,J888,20180511
699,481.0,472.0,473.5,479.0,2675144.0,I888,20180514
700,3174.0,3131.0,3169.0,3146.0,3163110.0,RB888,20180514
701,1759.0,1724.0,1734.5,1748.0,374364.0,J888,20180514
702,485.0,470.5,478.0,476.5,3225736.0,I888,20180515
703,3194.0,3115.0,3152.0,3160.0,5015452.0,RB888,20180515
704,1794.5,1725.0,1747.0,1766.0,537948.0,J888,20180515
705,1813.5,1744.5,1762.0,1781.5,496754.0,J888,20180516
706,482.5,469.5,476.0,473.5,2866710.0,I888,20180516
707,3184.0,3120.0,3161.0,3156.0,4263970.0,RB888,20180516
708,3167.0,3137.0,3156.0,3158.0,2893558.0,RB888,20180517
709,476.0,468.5,473.0,474.0,1908430.0,I888,20180517
710,1788.0,1746.0,1781.5,1770.5,401692.0,J888,20180517
711,1795.5,1736.0,1780.0,1752.0,481402.0,J888,20180518
712,478.0,466.5,474.5,469.0,2555216.0,I888,20180518
713,3184.0,3098.0,3164.0,3110.0,4186806.0,RB888,20180518
714,1771.5,1700.0,1749.0,1724.0,530906.0,J888,20180521
715,468.5,453.0,468.5,456.0,2736232.0,I888,20180521
716,3130.0,3061.0,3105.0,3068.0,3846112.0,RB888,20180521
717,1739.0,1682.0,1731.5,1685.5,453568.0,J888,20180522
718,3093.0,3035.0,3065.0,3052.0,3540894.0,RB888,20180522
719,458.5,444.0,455.0,447.0,2035778.0,I888,20180522
720,3058.0,2990.0,3054.0,3010.0,3394370.0,RB888,20180523
721,450.0,440.5,449.5,447.5,2242814.0,I888,20180523
722,1691.0,1614.0,1689.0,1623.5,536454.0,J888,20180523
723,3069.0,2999.0,3009.0,3062.0,3251118.0,RB888,20180524
724,452.0,445.5,447.0,450.5,1568618.0,I888,20180524
725,1661.0,1619.0,1623.5,1656.0,376676.0,J888,20180524
726,3094.0,3021.0,3059.0,3044.0,3675128.0,RB888,20180525
727,455.0,441.0,451.0,445.5,2148368.0,I888,20180525
728,1698.0,1634.0,1659.0,1643.0,465858.0,J888,20180525
729,3105.0,3019.0,3039.0,3058.0,3738744.0,RB888,20180528
730,1687.0,1604.5,1641.0,1659.5,523632.0,J888,20180528
731,452.0,439.5,444.5,444.5,2119808.0,I888,20180528
732,3129.0,3049.0,3060.0,3114.0,3950374.0,RB888,20180529
733,1734.0,1647.0,1658.5,1723.5,536506.0,J888,20180529
734,459.0,442.0,444.0,455.5,2443562.0,I888,20180529
735,1741.0,1687.0,1724.0,1712.0,476760.0,J888,20180530
736,3146.0,3093.0,3121.0,3123.0,3500508.0,RB888,20180530
737,460.0,445.5,454.5,446.5,2373012.0,I888,20180530
738,1761.0,1699.0,1712.0,1748.5,410740.0,J888,20180531
739,3176.0,3113.0,3118.0,3175.0,3065394.0,RB888,20180531
740,457.5,446.5,446.5,453.5,1887024.0,I888,20180531
741,1783.5,1734.5,1748.0,1745.0,446028.0,J888,20180601
742,462.5,448.5,454.0,451.0,2257014.0,I888,20180601
743,3257.0,3171.0,3177.0,3213.0,4625294.0,RB888,20180601
744,3246.0,3179.0,3218.0,3198.0,3729114.0,RB888,20180604
745,1769.0,1688.5,1744.5,1689.0,506916.0,J888,20180604
746,454.5,446.0,451.0,448.0,1713714.0,I888,20180604
747,458.5,447.0,447.5,458.0,1952192.0,I888,20180605
748,3222.0,3157.0,3187.0,3215.0,3565494.0,RB888,20180605
749,1712.0,1654.0,1684.5,1709.0,469598.0,J888,20180605
750,1719.0,1673.0,1708.5,1689.0,493510.0,J888,20180606
751,467.0,457.5,459.5,461.5,2141570.0,I888,20180606
752,3263.0,3204.0,3222.0,3255.0,4213682.0,RB888,20180606
753,3348.0,3259.0,3265.0,3286.0,5175266.0,RB888,20180607
754,1758.0,1682.0,1686.0,1742.0,568552.0,J888,20180607
755,469.5,459.0,462.0,460.0,2020990.0,I888,20180607
756,1759.5,1724.0,1744.5,1739.5,441448.0,J888,20180608
757,3307.0,3252.0,3289.0,3285.0,3697188.0,RB888,20180608
758,462.0,454.0,460.5,458.0,1740300.0,I888,20180608
759,1755.5,1699.0,1735.0,1736.0,441996.0,J888,20180611
760,3294.0,3234.0,3283.0,3282.0,3896802.0,RB888,20180611
761,464.5,456.0,459.0,461.0,1400384.0,I888,20180611
762,3338.0,3260.0,3287.0,3335.0,4509342.0,RB888,20180612
763,465.5,455.0,461.0,464.5,1930484.0,I888,20180612
764,1807.5,1725.0,1735.5,1805.5,483580.0,J888,20180612
765,465.5,457.0,463.0,462.5,1809214.0,I888,20180613
766,1820.0,1784.0,1809.5,1792.0,373302.0,J888,20180613
767,3376.0,3313.0,3327.0,3338.0,4173928.0,RB888,20180613
768,467.0,461.0,462.5,464.5,1529028.0,I888,20180614
769,3383.0,3338.0,3346.0,3376.0,3528436.0,RB888,20180614
770,1858.5,1790.0,1796.0,1851.5,466692.0,J888,20180614
771,3389.0,3335.0,3365.0,3381.0,3290156.0,RB888,20180615
772,1869.0,1809.0,1849.0,1860.0,498664.0,J888,20180615
773,468.5,459.0,464.0,465.0,1526266.0,I888,20180615
774,3353.0,3212.0,3351.0,3248.0,4628740.0,RB888,20180619
775,1854.5,1732.5,1828.0,1750.0,500402.0,J888,20180619
776,462.0,434.5,460.0,441.5,2310920.0,I888,20180619
777,3304.0,3225.0,3238.0,3296.0,3636162.0,RB888,20180620
778,1791.0,1741.0,1748.5,1787.5,372326.0,J888,20180620
779,447.0,440.0,441.0,444.0,1232422.0,I888,20180620
780,451.5,443.0,445.0,444.0,1525938.0,I888,20180621
781,1834.0,1782.0,1784.0,1795.0,476278.0,J888,20180621
782,3322.0,3249.0,3291.0,3252.0,4224838.0,RB888,20180621
783,1813.5,1757.0,1797.0,1775.0,575002.0,J888,20180622
784,3267.0,3219.0,3252.0,3239.0,3577300.0,RB888,20180622
785,450.0,442.0,444.5,448.5,1343140.0,I888,20180622
786,1803.0,1738.0,1779.0,1744.5,510862.0,J888,20180625
787,3262.0,3192.0,3234.0,3202.0,3941730.0,RB888,20180625
788,461.5,448.5,449.5,455.0,2125132.0,I888,20180625
789,3196.0,3142.0,3192.0,3154.0,3907480.0,RB888,20180626
790,458.0,449.5,455.0,453.5,1747550.0,I888,20180626
791,1743.0,1684.0,1743.0,1689.5,473852.0,J888,20180626
792,3192.0,3144.0,3148.0,3151.0,3382616.0,RB888,20180627
793,1721.0,1670.0,1695.0,1685.0,399776.0,J888,20180627
794,458.5,452.0,453.5,452.0,1251860.0,I888,20180627
795,461.0,453.0,453.5,458.5,1441320.0,I888,20180628
796,3248.0,3160.0,3163.0,3223.0,4845174.0,RB888,20180628
797,1751.0,1689.5,1693.0,1723.5,498594.0,J888,20180628
798,1788.0,1713.0,1723.0,1781.5,481818.0,J888,20180629
799,467.0,458.0,458.0,465.0,1780086.0,I888,20180629
800,3295.0,3224.0,3227.0,3286.0,3645626.0,RB888,20180629
801,1778.5,1680.0,1764.0,1689.5,553432.0,J888,20180702
802,3288.0,3216.0,3286.0,3230.0,4347068.0,RB888,20180702
803,465.5,450.0,465.0,454.0,1783228.0,I888,20180702
804,1709.0,1674.0,1688.0,1700.0,367852.0,J888,20180703
805,3254.0,3199.0,3231.0,3232.0,3254772.0,RB888,20180703
806,458.0,452.5,454.5,454.0,1032406.0,I888,20180703
807,457.5,450.5,454.0,453.0,1180474.0,I888,20180704
808,3295.0,3235.0,3238.0,3262.0,4168130.0,RB888,20180704
809,1729.0,1681.0,1707.0,1709.0,487134.0,J888,20180704
810,452.5,443.0,450.5,447.5,2009670.0,I888,20180705
811,1710.5,1654.0,1704.5,1676.0,541270.0,J888,20180705
812,3295.0,3223.0,3274.0,3267.0,4840962.0,RB888,20180705
813,452.5,445.5,448.0,450.0,1380318.0,I888,20180706
814,3286.0,3212.0,3267.0,3259.0,4295056.0,RB888,20180706
815,1707.0,1635.5,1674.0,1674.5,555084.0,J888,20180706
816,454.0,443.0,450.5,452.5,1390152.0,I888,20180709
817,1699.0,1655.0,1669.0,1695.0,398266.0,J888,20180709
818,3311.0,3227.0,3255.0,3309.0,4111960.0,RB888,20180709
819,1711.5,1679.5,1694.0,1690.0,371452.0,J888,20180710
820,454.5,449.0,453.0,450.0,1075360.0,I888,20180710
821,3360.0,3316.0,3329.0,3341.0,3547480.0,RB888,20180710
822,457.0,440.5,450.5,454.5,1515964.0,I888,20180711
823,1707.0,1665.0,1687.0,1688.5,436474.0,J888,20180711
824,3379.0,3311.0,3351.0,3358.0,4129272.0,RB888,20180711
825,3469.0,3359.0,3359.0,3455.0,4499234.0,RB888,20180712
826,459.0,451.5,454.0,457.0,1288170.0,I888,20180712
827,1752.0,1691.0,1691.0,1733.5,465606.0,J888,20180712
828,1735.0,1689.0,1731.0,1690.0,373954.0,J888,20180713
829,458.0,452.5,458.0,454.0,793814.0,I888,20180713
830,3474.0,3429.0,3459.0,3438.0,3610666.0,RB888,20180713
831,3462.0,3416.0,3423.0,3437.0,3042124.0,RB888,20180716
832,1692.5,1650.0,1687.0,1665.5,405462.0,J888,20180716
833,459.0,451.0,453.5,457.0,828044.0,I888,20180716
834,3435.0,3371.0,3422.0,3420.0,3770332.0,RB888,20180717
835,457.5,453.0,457.0,456.0,809714.0,I888,20180717
836,1686.5,1637.5,1662.0,1676.0,434620.0,J888,20180717
837,1685.0,1658.5,1674.0,1664.5,296172.0,J888,20180718
838,3442.0,3403.0,3419.0,3419.0,2886550.0,RB888,20180718
839,460.0,454.5,456.0,456.5,849464.0,I888,20180718
840,465.0,456.5,457.5,458.5,1141408.0,I888,20180719
841,3493.0,3423.0,3428.0,3442.0,4040596.0,RB888,20180719
842,1721.0,1657.0,1663.0,1685.0,428990.0,J888,20180719
843,1726.5,1674.0,1680.0,1718.5,304312.0,J888,20180720
844,3482.0,3428.0,3440.0,3464.0,2974786.0,RB888,20180720
845,464.0,457.5,458.0,463.5,562238.0,I888,20180720
846,1774.5,1716.0,1720.0,1764.0,402318.0,J888,20180723
847,3503.0,3449.0,3469.0,3490.0,2828162.0,RB888,20180723
848,468.0,461.0,463.5,466.0,850444.0,I888,20180723
849,468.5,463.5,467.0,465.5,743640.0,I888,20180724
850,1783.0,1756.0,1779.0,1783.0,276472.0,J888,20180724
851,3512.0,3454.0,3503.0,3462.0,2938440.0,RB888,20180724
852,1819.0,1783.0,1784.5,1805.5,322846.0,J888,20180725
853,470.5,465.0,466.5,467.5,648832.0,I888,20180725
854,3508.0,3457.0,3460.0,3496.0,2752496.0,RB888,20180725
855,1813.0,1784.0,1804.0,1800.5,263022.0,J888,20180726
856,3499.0,3466.0,3495.0,3496.0,2592928.0,RB888,20180726
857,468.5,464.0,467.5,466.5,592468.0,I888,20180726
858,1886.5,1796.5,1799.0,1885.0,371942.0,J888,20180727
859,483.5,466.0,466.5,482.5,1423896.0,I888,20180727
860,3608.0,3490.0,3499.0,3605.0,3422024.0,RB888,20180727
861,3625.0,3582.0,3611.0,3609.0,2379474.0,RB888,20180730
862,484.5,474.0,483.5,479.5,1399360.0,I888,20180730
863,1951.0,1864.5,1875.5,1936.0,417982.0,J888,20180730
864,3663.0,3597.0,3609.0,3650.0,2590990.0,RB888,20180731
865,1953.0,1916.0,1935.0,1929.0,303908.0,J888,20180731
866,481.0,476.5,479.5,479.0,713768.0,I888,20180731
867,1990.5,1928.5,1934.5,1967.0,480250.0,J888,20180801
868,3722.0,3610.0,3648.0,3618.0,4045636.0,RB888,20180801
869,480.0,462.5,479.5,466.0,1040448.0,I888,20180801
870,2016.0,1932.0,1959.0,2013.5,490582.0,J888,20180802
871,468.0,461.0,465.5,467.0,857800.0,I888,20180802
872,3627.0,3565.0,3610.0,3615.0,3614314.0,RB888,20180802
873,2093.5,2009.0,2012.0,2092.0,476832.0,J888,20180803
874,479.0,467.0,467.5,475.5,1007872.0,I888,20180803
875,3678.0,3607.0,3609.0,3666.0,2917796.0,RB888,20180803
876,503.5,474.0,476.5,493.5,1427936.0,I888,20180806
877,2167.0,2065.0,2091.0,2161.0,470450.0,J888,20180806
878,3712.0,3597.0,3669.0,3703.0,3719060.0,RB888,20180806
879,2198.0,2081.5,2157.0,2106.0,565534.0,J888,20180807
880,3745.0,3689.0,3701.0,3716.0,2940568.0,RB888,20180807
881,501.5,491.0,495.0,494.5,710492.0,I888,20180807
882,3757.0,3684.0,3716.0,3715.0,2620386.0,RB888,20180808
883,496.5,484.5,494.0,488.5,1097664.0,I888,20180808
884,2135.5,2059.5,2108.0,2078.0,402378.0,J888,20180808
885,493.5,485.5,488.0,493.5,834450.0,I888,20180809
886,3729.0,3658.0,3706.0,3706.0,2546766.0,RB888,20180809
887,2107.5,2062.0,2078.0,2099.0,332378.0,J888,20180809
888,3747.0,3675.0,3706.0,3679.0,2238558.0,RB888,20180810
889,2156.0,2069.0,2099.0,2069.5,543396.0,J888,20180810
890,497.5,484.5,494.5,486.0,995714.0,I888,20180810
891,3826.0,3670.0,3681.0,3824.0,2639816.0,RB888,20180813
892,497.0,485.0,485.5,496.5,1152806.0,I888,20180813
893,2133.5,2052.0,2066.5,2131.5,466776.0,J888,20180813
894,3849.0,3785.0,3824.0,3806.0,1757406.0,RB888,20180814
895,2164.5,2096.0,2133.0,2113.0,431416.0,J888,20180814
896,499.5,480.5,496.0,486.0,1254384.0,I888,20180814
897,3845.0,3805.0,3809.0,3824.0,1400662.0,RB888,20180815
898,2145.0,2106.5,2119.0,2139.0,383202.0,J888,20180815
899,487.5,477.5,487.0,482.0,1164088.0,I888,20180815
900,3835.0,3773.0,3825.0,3808.0,1683058.0,RB888,20180816
901,490.0,462.0,481.5,473.0,1788272.0,I888,20180816
902,2216.0,2115.0,2154.0,2214.0,806942.0,J888,20180816
903,2369.5,2211.0,2219.0,2338.0,769164.0,J888,20180817
904,3957.0,3809.0,3811.0,3952.0,1470728.0,RB888,20180817
905,486.0,468.0,473.0,484.0,1539578.0,I888,20180817
906,2338.0,2280.5,2335.0,2318.0,574448.0,J888,20180820
907,4064.0,3933.0,3933.0,4047.0,4328850.0,RB888,20180820
908,492.5,477.0,486.0,486.0,1661684.0,I888,20180820
909,4060.0,3977.0,4043.0,3988.0,3534458.0,RB888,20180821
910,488.5,469.0,486.5,473.5,1608096.0,I888,20180821
911,2326.5,2178.0,2319.0,2219.5,682116.0,J888,20180821
912,2299.0,2210.0,2217.0,2259.0,615216.0,J888,20180822
913,4069.0,3954.0,3988.0,3985.0,4310074.0,RB888,20180822
914,478.5,464.0,472.5,464.5,1114650.0,I888,20180822
915,473.5,464.0,464.5,466.5,1023604.0,I888,20180823
916,2251.0,2138.5,2249.0,2153.5,844200.0,J888,20180823
917,4006.0,3917.0,3984.0,3931.0,4767190.0,RB888,20180823
918,473.0,465.0,467.0,470.0,625338.0,I888,20180824
919,2199.0,2125.5,2157.0,2193.0,697344.0,J888,20180824
920,3996.0,3909.0,3927.0,3985.0,3696756.0,RB888,20180824
921,474.5,456.0,470.5,458.5,996142.0,I888,20180827
922,3992.0,3847.0,3983.0,3855.0,4643518.0,RB888,20180827
923,2211.5,2136.5,2194.0,2166.0,603402.0,J888,20180827
924,2242.5,2150.5,2173.5,2236.0,622798.0,J888,20180828
925,3901.0,3841.0,3856.0,3883.0,3145864.0,RB888,20180828
926,464.5,458.5,458.5,461.5,485630.0,I888,20180828
927,467.0,457.5,462.5,459.5,614506.0,I888,20180829
928,2263.5,2206.0,2240.0,2228.5,694106.0,J888,20180829
929,3929.0,3808.0,3888.0,3811.0,5263276.0,RB888,20180829
930,3822.0,3737.0,3818.0,3769.0,4888776.0,RB888,20180830
931,466.0,455.5,460.0,464.0,1117326.0,I888,20180830
932,2227.5,2073.0,2221.0,2097.0,955600.0,J888,20180830
933,3793.0,3708.0,3754.0,3737.0,4243894.0,RB888,20180831
934,470.5,464.0,465.0,464.5,1143590.0,I888,20180831
935,2117.0,2053.0,2099.5,2075.0,682636.0,J888,20180831
936,3769.0,3701.0,3731.0,3738.0,4134884.0,RB888,20180903
937,467.0,457.5,464.5,464.0,926262.0,I888,20180903
938,2101.0,1987.5,2078.0,2012.5,658474.0,J888,20180903
939,468.0,461.0,464.5,468.0,670930.0,I888,20180904
940,2037.5,1980.5,2014.0,2030.0,556610.0,J888,20180904
941,3787.0,3722.0,3745.0,3766.0,3616870.0,RB888,20180904
942,469.5,463.5,467.5,466.5,838324.0,I888,20180905
943,2082.5,2004.0,2028.5,2030.0,769206.0,J888,20180905
944,3778.0,3701.0,3766.0,3744.0,4716548.0,RB888,20180905
945,482.0,466.5,466.5,482.0,1584356.0,I888,20180906
946,3801.0,3743.0,3752.0,3799.0,4090468.0,RB888,20180906
947,2071.0,2025.0,2040.0,2061.5,658534.0,J888,20180906
948,485.5,473.0,481.5,477.5,1577288.0,I888,20180907
949,3904.0,3809.0,3809.0,3837.0,5354312.0,RB888,20180907
950,2092.0,1995.5,2059.0,1998.5,803244.0,J888,20180907
951,3950.0,3835.0,3836.0,3935.0,3588066.0,RB888,20180910
952,2078.5,1989.5,2004.0,2058.0,701608.0,J888,20180910
953,484.0,474.0,478.0,477.0,1111558.0,I888,20180910
954,480.5,470.5,477.5,472.0,1176556.0,I888,20180911
955,2058.0,1921.0,2058.0,1924.5,828256.0,J888,20180911
956,3921.0,3714.0,3921.0,3722.0,6134596.0,RB888,20180911
957,474.5,463.0,472.0,471.5,1113152.0,I888,20180912
958,3794.0,3644.0,3750.0,3701.0,6212102.0,RB888,20180912
959,1948.5,1869.0,1930.0,1890.0,693432.0,J888,20180912
960,484.5,472.0,472.0,483.0,1310474.0,I888,20180913
961,1920.5,1875.0,1890.0,1902.0,573082.0,J888,20180913
962,3738.0,3666.0,3685.0,3722.0,4379138.0,RB888,20180913
963,3762.0,3692.0,3719.0,3741.0,3869536.0,RB888,20180914
964,486.0,478.5,483.0,481.0,1026114.0,I888,20180914
965,1921.5,1880.0,1912.0,1908.0,474256.0,J888,20180914
966,3807.0,3731.0,3747.0,3751.0,3901374.0,RB888,20180917
967,486.5,476.5,481.5,479.5,1268956.0,I888,20180917
968,1956.5,1895.0,1911.0,1927.0,602060.0,J888,20180917
969,3818.0,3743.0,3751.0,3817.0,4203390.0,RB888,20180918
970,487.5,478.0,479.5,486.0,865384.0,I888,20180918
971,1950.0,1890.0,1927.0,1941.0,618314.0,J888,20180918
972,3856.0,3787.0,3831.0,3795.0,3855532.0,RB888,20180919
973,493.5,483.5,487.5,484.0,841568.0,I888,20180919
974,1996.0,1949.0,1949.0,1967.0,649936.0,J888,20180919
975,3828.0,3762.0,3804.0,3775.0,3812118.0,RB888,20180920
976,1993.0,1946.0,1964.0,1961.0,568206.0,J888,20180920
977,487.0,479.0,484.5,481.5,552480.0,I888,20180920
978,2038.0,1958.5,1961.0,2033.5,640550.0,J888,20180921
979,3813.0,3757.0,3767.0,3800.0,3436274.0,RB888,20180921
980,484.0,479.5,482.0,480.5,459380.0,I888,20180921
981,481.5,473.5,480.5,476.5,472592.0,I888,20180925
982,3807.0,3703.0,3800.0,3711.0,2773148.0,RB888,20180925
983,2031.0,1954.0,2029.0,1965.0,449712.0,J888,20180925
984,3729.0,3678.0,3716.0,3715.0,3018816.0,RB888,20180926
985,485.0,476.5,477.5,479.5,719132.0,I888,20180926
986,1977.0,1922.5,1961.0,1935.0,572292.0,J888,20180926
987,3745.0,3649.0,3729.0,3659.0,3160196.0,RB888,20180927
988,485.5,475.0,480.0,477.0,711128.0,I888,20180927
989,1947.0,1894.0,1934.0,1902.5,450596.0,J888,20180927
990,478.0,466.0,476.5,475.0,1225284.0,I888,20180928
991,3649.0,3558.0,3647.0,3595.0,3912616.0,RB888,20180928
992,1928.0,1848.0,1899.0,1912.5,629198.0,J888,20180928
993,1989.0,1909.0,1929.0,1980.5,416234.0,J888,20181008
994,479.0,470.0,476.5,477.5,464498.0,I888,20181008
995,3636.0,3555.0,3601.0,3622.0,2699558.0,RB888,20181008
996,491.5,477.5,479.0,488.5,1002168.0,I888,20181009
997,3698.0,3621.0,3630.0,3690.0,3698170.0,RB888,20181009
998,2058.0,1964.0,1979.0,2054.0,675370.0,J888,20181009
999,497.5,488.0,489.0,494.5,811018.0,I888,20181010
1000,3731.0,3652.0,3694.0,3706.0,3951602.0,RB888,20181010
1001,2137.0,2058.5,2059.0,2107.5,788814.0,J888,20181010
1002,3725.0,3609.0,3696.0,3707.0,5136838.0,RB888,20181011
1003,498.5,485.5,494.5,491.0,863386.0,I888,20181011
1004,2123.0,2067.0,2110.0,2104.0,742070.0,J888,20181011
1005,497.0,487.5,491.5,494.5,662856.0,I888,20181012
1006,2186.5,2089.5,2105.0,2179.5,676856.0,J888,20181012
1007,3785.0,3692.0,3719.0,3757.0,4182412.0,RB888,20181012
1008,2202.5,2122.0,2185.0,2126.0,688536.0,J888,20181015
1009,498.0,488.5,495.5,488.5,600604.0,I888,20181015
1010,3817.0,3744.0,3759.0,3801.0,3941918.0,RB888,20181015
1011,494.5,486.0,489.5,487.0,673302.0,I888,20181016
1012,2147.0,2078.0,2129.0,2097.5,655758.0,J888,20181016
1013,3818.0,3756.0,3811.0,3768.0,3358584.0,RB888,20181016
1014,2168.0,2070.0,2101.0,2162.0,710974.0,J888,20181017
1015,3849.0,3756.0,3768.0,3848.0,3881130.0,RB888,20181017
1016,503.5,483.5,487.5,503.0,830594.0,I888,20181017
1017,511.5,493.0,504.5,497.0,1672332.0,I888,20181018
1018,2163.0,2039.0,2157.0,2054.0,900272.0,J888,20181018
1019,3871.0,3742.0,3856.0,3759.0,4968536.0,RB888,20181018
1020,500.0,491.0,496.0,494.5,854294.0,I888,20181019
1021,3777.0,3705.0,3750.0,3706.0,4439472.0,RB888,20181019
1022,2081.0,1994.0,2051.0,2002.5,835626.0,J888,20181019
1023,506.5,494.5,495.0,504.0,913794.0,I888,20181022
1024,2067.0,1995.0,2002.0,2008.0,785572.0,J888,20181022
1025,3838.0,3706.0,3706.0,3805.0,4235816.0,RB888,20181022
1026,506.5,497.0,504.5,499.0,673822.0,I888,20181023
1027,2049.0,1982.0,2017.0,2027.0,765650.0,J888,20181023
1028,3826.0,3785.0,3807.0,3793.0,3055276.0,RB888,20181023
1029,3844.0,3763.0,3779.0,3841.0,3393780.0,RB888,20181024
1030,2087.0,2009.0,2031.0,2084.0,693814.0,J888,20181024
1031,517.0,497.0,498.5,516.0,1031478.0,I888,20181024
1032,3860.0,3793.0,3845.0,3843.0,4302452.0,RB888,20181025
1033,517.0,506.0,516.5,512.5,1115488.0,I888,20181025
1034,2116.0,2057.0,2089.0,2105.5,757904.0,J888,20181025
1035,2128.0,2072.5,2109.5,2086.0,604618.0,J888,20181026
1036,520.5,509.5,513.5,518.0,988448.0,I888,20181026
1037,3895.0,3831.0,3835.0,3879.0,3752190.0,RB888,20181026
1038,3893.0,3795.0,3881.0,3801.0,4177040.0,RB888,20181029
1039,526.0,516.0,519.0,517.5,1536546.0,I888,20181029
1040,2092.0,2010.5,2077.0,2020.0,724484.0,J888,20181029
1041,2073.0,2021.0,2024.0,2051.5,585052.0,J888,20181030
1042,522.0,513.0,517.0,518.5,820586.0,I888,20181030
1043,3857.0,3805.0,3810.0,3823.0,2901806.0,RB888,20181030
1044,519.0,508.0,518.0,513.0,1017374.0,I888,20181031
1045,3829.0,3764.0,3821.0,3778.0,3983882.0,RB888,20181031
1046,2059.0,2011.0,2055.5,2034.5,720414.0,J888,20181031
1047,3803.0,3680.0,3786.0,3708.0,4206148.0,RB888,20181101
1048,515.0,498.0,513.5,499.0,1122160.0,I888,20181101
1049,2057.0,1989.0,2039.0,1992.5,750958.0,J888,20181101
1050,2012.0,1939.0,1986.5,2010.5,792882.0,J888,20181102
1051,3728.0,3671.0,3701.0,3715.0,3640402.0,RB888,20181102
1052,502.0,481.0,498.5,488.0,1368756.0,I888,20181102
1053,2056.5,1995.0,2010.0,2055.0,682836.0,J888,20181105
1054,3727.0,3653.0,3716.0,3723.0,3817108.0,RB888,20181105
1055,495.0,485.0,487.5,495.0,747342.0,I888,20181105
1056,2087.0,2040.5,2056.5,2057.5,731092.0,J888,20181106
1057,3719.0,3604.0,3708.0,3613.0,4554070.0,RB888,20181106
1058,498.5,488.0,496.5,489.5,1058518.0,I888,20181106
1059,3619.0,3565.0,3607.0,3581.0,3095060.0,RB888,20181107
1060,2053.5,2011.0,2050.5,2044.5,715634.0,J888,20181107
1061,492.5,484.5,489.5,490.5,799376.0,I888,20181107
1062,3646.0,3529.0,3592.0,3637.0,5310176.0,RB888,20181108
1063,501.5,489.0,491.5,499.5,1334762.0,I888,20181108
1064,2060.0,1962.5,2047.0,2020.5,951902.0,J888,20181108
1065,3654.0,3583.0,3633.0,3584.0,3303614.0,RB888,20181109
1066,510.0,498.0,500.5,504.5,1314908.0,I888,20181109
1067,2041.5,1996.0,2016.5,2000.0,621178.0,J888,20181109
1068,3576.0,3469.0,3573.0,3499.0,4423494.0,RB888,20181112
1069,506.0,492.0,504.5,499.5,1251268.0,I888,20181112
1070,1994.0,1926.5,1994.0,1952.0,858056.0,J888,20181112
1071,3546.0,3486.0,3501.0,3519.0,2748118.0,RB888,20181113
1072,501.0,488.5,499.5,490.5,1054710.0,I888,20181113
1073,1971.0,1942.5,1949.5,1949.5,600408.0,J888,20181113
1074,493.0,485.0,489.5,491.5,1061818.0,I888,20181114
1075,3591.0,3497.0,3501.0,3588.0,3484892.0,RB888,20181114
1076,2007.0,1942.5,1949.0,2000.0,652180.0,J888,20181114
1077,3597.0,3510.0,3592.0,3540.0,3577710.0,RB888,20181115
1078,494.0,487.5,491.5,493.0,631932.0,I888,20181115
1079,2033.0,1979.0,2002.0,2031.0,595840.0,J888,20181115
1080,3603.0,3520.0,3540.0,3535.0,3810154.0,RB888,20181116
1081,2081.0,2025.5,2034.0,2059.0,702186.0,J888,20181116
1082,504.0,491.5,493.5,500.5,1192084.0,I888,20181116
1083,3536.0,3464.0,3521.0,3489.0,3736222.0,RB888,20181119
1084,2070.0,2009.5,2059.0,2012.0,657326.0,J888,20181119
1085,509.0,494.0,499.5,507.0,1303942.0,I888,20181119
1086,2013.5,1944.0,2009.0,1952.5,614750.0,J888,20181120
1087,507.5,492.0,506.5,496.0,969016.0,I888,20181120
1088,3510.0,3386.0,3484.0,3393.0,3398790.0,RB888,20181120
1089,1944.0,1850.0,1939.0,1938.0,854310.0,J888,20181121
1090,3386.0,3237.0,3379.0,3375.0,5104664.0,RB888,20181121
1091,506.5,478.0,492.5,506.0,1560024.0,I888,20181121
1092,3397.0,3341.0,3374.0,3380.0,3139544.0,RB888,20181122
1093,1945.0,1901.5,1939.5,1915.0,538446.0,J888,20181122
1094,507.0,496.0,503.0,498.0,1161006.0,I888,20181122
1095,496.0,475.5,495.5,476.5,1613660.0,I888,20181123
1096,1919.0,1833.0,1919.0,1837.0,736126.0,J888,20181123
1097,3401.0,3271.0,3381.0,3274.0,3998282.0,RB888,20181123
1098,473.5,457.0,473.5,457.0,993194.0,I888,20181126
1099,3309.0,3147.0,3251.0,3204.0,5335938.0,RB888,20181126
1100,1828.0,1727.0,1819.0,1764.0,917636.0,J888,20181126
1101,1814.0,1713.0,1755.5,1729.0,809568.0,J888,20181127
1102,3323.0,3191.0,3196.0,3230.0,4069624.0,RB888,20181127
1103,455.0,438.5,446.0,445.0,1093676.0,I888,20181127
1104,1795.5,1725.5,1729.0,1772.0,726720.0,J888,20181128
1105,456.5,442.5,444.5,451.0,853942.0,I888,20181128
1106,3319.0,3208.0,3211.0,3295.0,3457788.0,RB888,20181128
1107,457.0,451.0,453.5,455.5,573062.0,I888,20181129
1108,1808.0,1741.0,1761.5,1775.0,635288.0,J888,20181129
1109,3352.0,3279.0,3293.0,3307.0,2044818.0,RB888,20181129
1110,3327.0,3210.0,3306.0,3256.0,2949790.0,RB888,20181130
1111,460.5,450.0,456.5,455.0,582196.0,I888,20181130
1112,1788.5,1757.5,1777.0,1784.0,467740.0,J888,20181130
1113,3495.0,3208.0,3250.0,3333.0,5092070.0,RB888,20181203
1114,481.5,448.0,454.0,463.0,1246984.0,I888,20181203
1115,1920.0,1769.0,1779.0,1888.0,649430.0,J888,20181203
1116,3388.0,3283.0,3306.0,3374.0,4807696.0,RB888,20181204
1117,1970.0,1869.0,1886.0,1955.5,511634.0,J888,20181204
1118,472.0,462.0,463.0,472.0,854104.0,I888,20181204
1119,479.5,467.5,472.0,477.5,978168.0,I888,20181205
1120,1996.5,1940.5,1967.0,1986.0,419794.0,J888,20181205
1121,3466.0,3362.0,3389.0,3463.0,5400890.0,RB888,20181205
1122,3473.0,3371.0,3470.0,3375.0,4500922.0,RB888,20181206
1123,481.0,467.0,480.0,469.0,702336.0,I888,20181206
1124,2010.0,1927.0,1998.5,1932.5,563996.0,J888,20181206
1125,2074.0,1912.5,1925.0,2063.0,1020684.0,J888,20181207
1126,476.5,463.5,466.0,475.0,844140.0,I888,20181207
1127,3426.0,3334.0,3360.0,3397.0,5127774.0,RB888,20181207
1128,476.5,466.5,474.0,473.5,972378.0,I888,20181210
1129,3398.0,3303.0,3388.0,3312.0,4741366.0,RB888,20181210
1130,2067.5,1966.5,2053.5,1984.5,838844.0,J888,20181210
1131,1984.0,1930.0,1984.0,1962.5,698562.0,J888,20181211
1132,476.0,468.0,473.5,474.5,762748.0,I888,20181211
1133,3341.0,3284.0,3306.0,3327.0,3595984.0,RB888,20181211
1134,3379.0,3317.0,3340.0,3317.0,4194776.0,RB888,20181212
1135,483.0,471.5,476.0,474.0,1002694.0,I888,20181212
1136,2011.0,1960.0,1971.5,1965.0,811908.0,J888,20181212
1137,3431.0,3321.0,3325.0,3419.0,5327258.0,RB888,20181213
1138,2043.0,1965.0,1969.5,2019.0,885742.0,J888,20181213
1139,480.0,472.5,474.0,478.5,815744.0,I888,20181213
1140,2048.0,1996.5,2018.0,2016.0,694404.0,J888,20181214
1141,485.0,477.5,478.5,482.0,852674.0,I888,20181214
1142,3450.0,3405.0,3416.0,3445.0,4124206.0,RB888,20181214
1143,2051.0,2005.0,2018.0,2028.0,694628.0,J888,20181217
1144,492.0,482.5,483.0,488.5,1046510.0,I888,20181217
1145,3470.0,3414.0,3448.0,3435.0,3915682.0,RB888,20181217
1146,2033.0,1967.5,2025.0,1984.0,748276.0,J888,20181218
1147,3443.0,3391.0,3430.0,3435.0,3671214.0,RB888,20181218
1148,489.5,483.0,488.5,486.0,718220.0,I888,20181218
1149,1993.0,1960.0,1982.5,1977.0,662212.0,J888,20181219
1150,3450.0,3411.0,3432.0,3425.0,3871012.0,RB888,20181219
1151,491.5,484.0,485.0,487.0,1003660.0,I888,20181219
1152,497.0,485.0,487.5,496.5,1245858.0,I888,20181220
1153,2005.0,1948.5,1978.0,1986.0,810442.0,J888,20181220
1154,3492.0,3427.0,3433.0,3481.0,4306708.0,RB888,20181220
1155,3535.0,3471.0,3500.0,3508.0,4313258.0,RB888,20181221
1156,499.5,493.0,496.5,497.0,794088.0,I888,20181221
1157,2009.0,1967.0,1987.0,1993.0,703526.0,J888,20181221
1158,3516.0,3435.0,3515.0,3451.0,3542690.0,RB888,20181224
1159,498.0,485.0,497.0,491.0,1072974.0,I888,20181224
1160,2002.5,1963.0,1998.0,1980.0,578328.0,J888,20181224
1161,3448.0,3357.0,3442.0,3398.0,4333400.0,RB888,20181225
1162,492.0,480.5,490.5,486.0,937070.0,I888,20181225
1163,1977.0,1866.0,1977.0,1888.5,872650.0,J888,20181225
1164,494.0,484.5,486.5,492.5,931452.0,I888,20181226
1165,1907.0,1878.0,1880.5,1892.5,512510.0,J888,20181226
1166,3430.0,3387.0,3393.0,3409.0,3285056.0,RB888,20181226
1167,498.0,486.5,493.5,491.5,1185526.0,I888,20181227
1168,3471.0,3395.0,3418.0,3396.0,4172568.0,RB888,20181227
1169,1955.0,1881.0,1895.0,1889.0,744976.0,J888,20181227
1170,3420.0,3382.0,3387.0,3404.0,2915936.0,RB888,20181228
1171,495.0,489.0,491.0,494.5,746842.0,I888,20181228
1172,1905.5,1863.0,1889.0,1901.0,509796.0,J888,20181228
1173,3149.0,3081.0,3108.0,3092.0,2149936.0,RB888,20190102
1174,1921.5,1878.0,1899.5,1886.0,341892.0,J888,20190102
1175,438.5,429.5,438.0,431.0,442760.0,I888,20190102
1176,440.0,429.5,430.5,438.5,826474.0,I888,20190103
1177,3166.0,3076.0,3088.0,3165.0,3719028.0,RB888,20190103
1178,1953.5,1849.5,1875.5,1946.5,726622.0,J888,20190103
1179,3203.0,3140.0,3170.0,3196.0,3323322.0,RB888,20190104
1180,1967.5,1925.5,1948.5,1950.5,648688.0,J888,20190104
1181,453.5,439.0,439.5,452.5,1280810.0,I888,20190104
1182,3236.0,3176.0,3200.0,3230.0,3053042.0,RB888,20190107
1183,1985.5,1937.5,1955.0,1973.5,607660.0,J888,20190107
1184,456.5,448.0,454.5,456.0,895746.0,I888,20190107
1185,1979.5,1947.5,1979.0,1958.5,471014.0,J888,20190108
1186,3233.0,3193.0,3231.0,3215.0,2740906.0,RB888,20190108
1187,457.5,450.5,456.0,455.5,836196.0,I888,20190108
1188,3260.0,3204.0,3215.0,3217.0,3378598.0,RB888,20190109
1189,1988.5,1952.5,1957.5,1955.5,559500.0,J888,20190109
1190,458.5,449.5,454.5,451.0,840188.0,I888,20190109
1191,3253.0,3212.0,3222.0,3224.0,3134668.0,RB888,20190110
1192,1968.5,1934.5,1954.5,1944.0,565734.0,J888,20190110
1193,452.0,446.5,450.5,448.0,730840.0,I888,20190110
1194,3250.0,3202.0,3227.0,3249.0,3440962.0,RB888,20190111
1195,451.5,446.5,448.0,450.5,678530.0,I888,20190111
1196,1994.5,1940.5,1944.0,1991.5,644950.0,J888,20190111
1197,2029.0,1976.5,1991.0,2024.5,572460.0,J888,20190114
1198,455.5,445.5,450.5,454.5,904328.0,I888,20190114
1199,3286.0,3230.0,3245.0,3285.0,2624250.0,RB888,20190114
1200,455.5,446.0,454.5,453.5,919582.0,I888,20190115
1201,3286.0,3218.0,3286.0,3229.0,3128980.0,RB888,20190115
1202,2038.5,2004.5,2025.5,2028.5,512256.0,J888,20190115
1203,3255.0,3220.0,3229.0,3244.0,2632026.0,RB888,20190116
1204,2049.5,2015.5,2028.5,2044.0,509560.0,J888,20190116
1205,457.5,451.5,452.0,453.0,744452.0,I888,20190116
1206,456.5,449.0,453.0,455.0,837308.0,I888,20190117
1207,3275.0,3235.0,3239.0,3261.0,2258818.0,RB888,20190117
1208,2054.5,2031.5,2039.5,2044.0,385758.0,J888,20190117
1209,3346.0,3250.0,3262.0,3343.0,3599670.0,RB888,20190118
1210,2085.0,2029.5,2039.5,2075.0,561358.0,J888,20190118
1211,471.5,452.5,454.5,469.5,1689724.0,I888,20190118
1212,479.5,469.0,470.0,474.5,1564990.0,I888,20190121
1213,2089.5,2031.5,2075.0,2039.5,635408.0,J888,20190121
1214,3385.0,3329.0,3346.0,3355.0,3526340.0,RB888,20190121
1215,3410.0,3340.0,3360.0,3343.0,3970252.0,RB888,20190122
1216,479.5,467.0,474.5,467.5,1160174.0,I888,20190122
1217,2079.5,2022.5,2034.5,2028.5,622586.0,J888,20190122
1218,471.0,466.0,466.5,468.5,599556.0,I888,20190123
1219,2059.5,2029.0,2029.5,2052.5,423142.0,J888,20190123
1220,3368.0,3335.0,3349.0,3354.0,2631994.0,RB888,20190123
1221,2067.5,2034.5,2055.5,2044.0,459966.0,J888,20190124
1222,3394.0,3349.0,3357.0,3390.0,3200450.0,RB888,20190124
1223,477.5,469.0,469.0,477.0,1251538.0,I888,20190124
1224,3450.0,3385.0,3394.0,3420.0,3099552.0,RB888,20190125
1225,2082.5,2041.5,2041.5,2058.0,527128.0,J888,20190125
1226,481.0,474.0,477.5,475.5,908006.0,I888,20190125
1227,2103.0,2047.0,2056.0,2050.5,538566.0,J888,20190128
1228,509.0,474.5,475.5,492.0,1943090.0,I888,20190128
1229,3467.0,3390.0,3422.0,3391.0,3337710.0,RB888,20190128
1230,3404.0,3363.0,3390.0,3385.0,2508228.0,RB888,20190129
1231,504.0,490.5,492.5,502.0,1325602.0,I888,20190129
1232,2055.5,2024.5,2048.0,2035.5,451006.0,J888,20190129
1233,530.5,503.5,504.0,528.5,1947148.0,I888,20190130
1234,2079.5,2027.0,2039.5,2029.5,597666.0,J888,20190130
1235,3477.0,3377.0,3393.0,3387.0,4490378.0,RB888,20190130
1236,3428.0,3383.0,3392.0,3417.0,2724362.0,RB888,20190131
1237,535.5,517.5,533.5,530.0,1834550.0,I888,20190131
1238,2083.5,2019.5,2030.5,2071.5,563130.0,J888,20190131
1239,2127.5,2065.5,2074.5,2122.0,516910.0,J888,20190201
1240,564.5,527.5,529.0,563.0,1912468.0,I888,20190201
1241,3480.0,3406.0,3406.0,3464.0,2506846.0,RB888,20190201
1242,2184.0,2098.5,2175.5,2106.0,390882.0,J888,20190211
1243,3618.0,3526.0,3560.0,3535.0,3480360.0,RB888,20190211
1244,593.5,592.5,593.5,593.5,282462.0,I888,20190211
1245,3540.0,3481.0,3528.0,3495.0,3109428.0,RB888,20190212
1246,2126.5,2094.5,2099.5,2110.0,392518.0,J888,20190212
1247,599.0,574.0,591.5,575.5,2293632.0,I888,20190212
1248,2129.0,2041.0,2109.5,2075.5,507920.0,J888,20190213
1249,3506.0,3402.0,3490.0,3412.0,3814494.0,RB888,20190213
1250,578.5,556.5,575.5,565.5,2380582.0,I888,20190213
1251,2106.5,2063.0,2074.5,2098.0,437284.0,J888,20190214
1252,3427.0,3378.0,3421.0,3394.0,3266348.0,RB888,20190214
1253,571.0,552.0,566.0,570.0,1856560.0,I888,20190214
1254,3406.0,3303.0,3390.0,3309.0,3916316.0,RB888,20190215
1255,2102.0,2043.0,2099.5,2052.0,443474.0,J888,20190215
1256,577.5,559.0,571.0,565.5,2196420.0,I888,20190215
1257,2108.5,2053.0,2064.0,2077.5,559684.0,J888,20190218
1258,3385.0,3321.0,3325.0,3369.0,3532344.0,RB888,20190218
1259,583.0,564.5,569.5,569.5,2370452.0,I888,20190218
1260,3408.0,3357.0,3380.0,3365.0,2760590.0,RB888,20190219
1261,578.5,569.5,571.5,572.5,1370094.0,I888,20190219
1262,2099.0,2059.5,2077.5,2094.5,536818.0,J888,20190219
1263,577.5,554.5,571.5,561.0,2375064.0,I888,20190220
1264,3379.0,3288.0,3360.0,3351.0,3918544.0,RB888,20190220
1265,2130.5,2077.5,2094.5,2122.5,553482.0,J888,20190220
1266,3405.0,3345.0,3350.0,3387.0,3928972.0,RB888,20190221
1267,566.5,553.0,561.0,556.5,1781004.0,I888,20190221
1268,2154.5,2123.5,2126.0,2136.0,476652.0,J888,20190221
1269,2175.0,2131.5,2137.5,2172.5,387502.0,J888,20190222
1270,560.5,540.0,551.5,560.0,2445022.0,I888,20190222
1271,3445.0,3373.0,3379.0,3441.0,3278144.0,RB888,20190222
1272,2194.5,2140.5,2177.5,2147.5,506140.0,J888,20190225
1273,566.0,540.0,560.5,540.0,2203030.0,I888,20190225
1274,3476.0,3391.0,3446.0,3392.0,3659076.0,RB888,20190225
1275,541.0,527.5,538.5,535.0,1985528.0,I888,20190226
1276,2159.5,2115.5,2141.0,2153.0,464474.0,J888,20190226
1277,3455.0,3382.0,3387.0,3446.0,3998202.0,RB888,20190226
1278,2161.5,2125.0,2149.5,2131.5,423890.0,J888,20190227
1279,3460.0,3407.0,3447.0,3425.0,2948082.0,RB888,20190227
1280,545.5,531.5,536.0,534.5,1552706.0,I888,20190227
1281,3465.0,3415.0,3438.0,3460.0,3461158.0,RB888,20190228
1282,552.5,537.5,537.5,551.0,1782360.0,I888,20190228
1283,2146.5,2110.0,2134.5,2134.0,413970.0,J888,20190228
1284,3526.0,3461.0,3466.0,3525.0,2986416.0,RB888,20190301
1285,569.0,549.5,554.5,567.0,1502196.0,I888,20190301
1286,2178.5,2124.5,2132.5,2177.5,427966.0,J888,20190301
1287,588.0,560.5,569.5,562.0,2848962.0,I888,20190304
1288,3559.0,3497.0,3525.0,3521.0,3828874.0,RB888,20190304
1289,2179.5,2101.5,2176.5,2117.0,474812.0,J888,20190304
1290,2115.5,2080.5,2114.5,2096.5,449250.0,J888,20190305
1291,3535.0,3465.0,3532.0,3503.0,3598118.0,RB888,20190305
1292,566.0,553.5,559.0,564.5,1657876.0,I888,20190305
1293,2105.0,2066.5,2096.5,2073.0,396284.0,J888,20190306
1294,568.5,551.5,564.0,552.0,1998926.0,I888,20190306
1295,3520.0,3446.0,3500.0,3447.0,3759206.0,RB888,20190306
1296,2101.5,2064.5,2071.5,2089.5,349116.0,J888,20190307
1297,566.5,552.0,553.0,565.0,1563054.0,I888,20190307
1298,3547.0,3444.0,3458.0,3531.0,3902978.0,RB888,20190307
1299,3534.0,3466.0,3531.0,3482.0,3712328.0,RB888,20190308
1300,2090.5,2027.5,2089.5,2033.0,474798.0,J888,20190308
1301,566.0,554.0,565.5,554.5,1730440.0,I888,20190308
1302,2024.5,1974.5,2009.5,1976.0,452546.0,J888,20190311
1303,550.0,536.0,545.0,539.5,1752392.0,I888,20190311
1304,3464.0,3390.0,3420.0,3433.0,3387246.0,RB888,20190311
1305,3530.0,3438.0,3439.0,3525.0,3437206.0,RB888,20190312
1306,2022.5,1976.5,1978.5,2014.5,398898.0,J888,20190312
1307,555.0,540.0,540.5,554.0,1493508.0,I888,20190312
1308,2029.5,1985.0,2017.5,1995.0,408082.0,J888,20190313
1309,3552.0,3494.0,3535.0,3500.0,2998788.0,RB888,20190313
1310,557.5,544.5,555.5,545.0,1413496.0,I888,20190313
1311,3539.0,3472.0,3482.0,3505.0,3586828.0,RB888,20190314
1312,2027.5,1981.5,1994.0,2021.5,429516.0,J888,20190314
1313,569.5,544.0,547.5,568.0,2218862.0,I888,20190314
1314,572.0,557.5,567.5,568.5,2098382.0,I888,20190315
1315,2041.5,1970.5,2021.5,2003.5,531564.0,J888,20190315
1316,3515.0,3447.0,3506.0,3473.0,3715090.0,RB888,20190315
1317,3514.0,3464.0,3468.0,3491.0,3280758.0,RB888,20190318
1318,586.5,565.5,568.0,574.0,2473532.0,I888,20190318
1319,2011.0,1974.5,1989.5,1977.5,394410.0,J888,20190318
1320,3531.0,3482.0,3495.0,3498.0,2832806.0,RB888,20190319
1321,586.0,571.5,574.5,577.5,1677104.0,I888,20190319
1322,1994.5,1956.5,1975.5,1973.5,431304.0,J888,20190319
1323,3524.0,3463.0,3510.0,3487.0,3165340.0,RB888,20190320
1324,580.5,542.5,577.5,546.0,2346696.0,I888,20190320
1325,1991.5,1964.5,1974.5,1977.5,369868.0,J888,20190320
1326,3536.0,3480.0,3490.0,3482.0,3234998.0,RB888,20190321
1327,1997.5,1973.0,1975.0,1981.0,356280.0,J888,20190321
1328,563.5,548.5,551.5,553.5,1535294.0,I888,20190321
1329,2017.5,1971.0,1974.5,2008.5,564256.0,J888,20190322
1330,558.5,550.0,554.5,557.0,1042286.0,I888,20190322
1331,3489.0,3452.0,3475.0,3478.0,2882038.0,RB888,20190322
1332,2008.5,1981.5,2008.5,1983.0,317760.0,J888,20190325
1333,561.5,551.5,561.0,552.5,1013926.0,I888,20190325
1334,3482.0,3402.0,3473.0,3402.0,3005274.0,RB888,20190325
1335,1985.5,1970.0,1983.0,1977.5,248544.0,J888,20190326
1336,559.0,550.0,555.5,550.5,771338.0,I888,20190326
1337,3428.0,3392.0,3409.0,3415.0,2088568.0,RB888,20190326
1338,3430.0,3406.0,3417.0,3421.0,1875650.0,RB888,20190327
1339,1987.5,1952.0,1978.5,1957.5,323006.0,J888,20190327
1340,558.5,551.0,552.5,555.0,935728.0,I888,20190327
1341,556.0,546.5,554.5,548.5,1200602.0,I888,20190328
1342,3444.0,3386.0,3419.0,3400.0,2985056.0,RB888,20190328
1343,1985.5,1954.0,1957.5,1974.5,295646.0,J888,20190328
1344,3484.0,3383.0,3400.0,3468.0,2608262.0,RB888,20190329
1345,2004.5,1964.5,1969.5,1994.0,340478.0,J888,20190329
1346,580.0,544.0,547.5,573.0,1793200.0,I888,20190329
1347,2033.0,1984.0,1994.0,2026.5,322784.0,J888,20190401
1348,595.0,570.0,570.0,591.5,1189040.0,I888,20190401
1349,3498.0,3451.0,3470.0,3497.0,1375404.0,RB888,20190401
1350,607.0,585.0,589.5,604.0,1794162.0,I888,20190402
1351,2036.0,2012.0,2028.0,2014.0,221854.0,J888,20190402
1352,3575.0,3480.0,3492.0,3560.0,2201022.0,RB888,20190402
1353,636.0,601.5,601.5,632.0,2806742.0,I888,20190403
1354,2053.0,2005.5,2014.0,2035.5,252662.0,J888,20190403
1355,3596.0,3546.0,3560.0,3587.0,2869880.0,RB888,20190403
1356,631.0,616.5,631.0,629.0,1653864.0,I888,20190404
1357,2040.5,2019.5,2035.5,2036.0,153778.0,J888,20190404
1358,3606.0,3561.0,3590.0,3594.0,2370430.0,RB888,20190404
1359,656.5,626.5,634.5,653.5,1170868.0,I888,20190408
1360,2086.0,2046.0,2050.0,2075.5,232796.0,J888,20190408
1361,3755.0,3613.0,3614.0,3730.0,3569164.0,RB888,20190408
1362,663.5,641.5,655.0,648.0,2006830.0,I888,20190409
1363,2080.0,2041.0,2074.5,2045.0,332188.0,J888,20190409
1364,3795.0,3728.0,3735.0,3757.0,3938120.0,RB888,20190409
1365,653.5,642.0,649.0,651.0,1678408.0,I888,20190410
1366,3776.0,3735.0,3760.0,3774.0,3013560.0,RB888,20190410
1367,2046.0,2009.0,2040.5,2017.5,348890.0,J888,20190410
1368,3814.0,3744.0,3776.0,3808.0,3456604.0,RB888,20190411
1369,656.5,640.0,652.0,654.5,1843232.0,I888,20190411
1370,2021.5,1987.5,2015.0,2012.0,355474.0,J888,20190411
1371,3829.0,3734.0,3810.0,3794.0,5184656.0,RB888,20190412
1372,663.0,643.5,660.0,653.5,2964920.0,I888,20190412
1373,2033.5,1981.5,2012.5,2031.0,528392.0,J888,20190412
1374,3843.0,3795.0,3820.0,3829.0,3998834.0,RB888,20190415
1375,665.0,646.0,658.5,653.0,2421242.0,I888,20190415
1376,2069.0,2021.0,2040.0,2050.0,405224.0,J888,20190415
1377,3832.0,3773.0,3832.0,3780.0,3633830.0,RB888,20190416
1378,657.5,632.0,651.0,632.5,2349368.0,I888,20190416
1379,2073.0,2033.0,2054.0,2061.0,385480.0,J888,20190416
1380,636.5,615.5,634.5,621.0,2400386.0,I888,20190417
1381,3804.0,3757.0,3779.0,3795.0,3439502.0,RB888,20190417
1382,2065.0,2041.0,2060.0,2047.0,323630.0,J888,20190417
1383,2050.0,2007.5,2047.0,2012.0,359078.0,J888,20190418
1384,3789.0,3706.0,3789.0,3710.0,4231128.0,RB888,20190418
1385,625.5,615.0,623.5,620.0,1757144.0,I888,20190418
1386,2055.0,2003.5,2009.0,2050.0,337852.0,J888,20190419
1387,3746.0,3682.0,3699.0,3738.0,3494514.0,RB888,20190419
1388,622.5,613.0,618.0,621.5,1866642.0,I888,20190419
1389,2066.0,2026.0,2051.5,2033.5,382044.0,J888,20190422
1390,642.0,622.0,622.0,627.0,3365314.0,I888,20190422
1391,3819.0,3739.0,3744.0,3773.0,5132926.0,RB888,20190422
1392,3794.0,3755.0,3776.0,3757.0,2870758.0,RB888,20190423
1393,2055.0,2029.0,2031.5,2046.0,284670.0,J888,20190423
1394,634.5,626.0,629.0,629.0,1451640.0,I888,20190423
1395,629.0,616.5,628.5,619.0,1650610.0,I888,20190424
1396,3751.0,3718.0,3750.0,3730.0,3503086.0,RB888,20190424
1397,2048.0,2024.5,2046.0,2047.0,319100.0,J888,20190424
1398,627.5,616.0,619.0,616.0,1626206.0,I888,20190425
1399,3780.0,3712.0,3727.0,3712.0,3779994.0,RB888,20190425
1400,2068.0,2033.0,2050.5,2036.0,394942.0,J888,20190425
1401,626.0,613.5,618.5,618.5,2251830.0,I888,20190426
1402,3755.0,3712.0,3712.0,3739.0,3571488.0,RB888,20190426
1403,2051.5,2001.0,2035.0,2015.0,396988.0,J888,20190426
1404,3779.0,3735.0,3743.0,3777.0,3044622.0,RB888,20190429
1405,634.0,619.0,620.0,634.0,1760912.0,I888,20190429
1406,2049.0,2008.0,2015.0,2047.0,280510.0,J888,20190429
1407,642.0,627.5,634.0,639.0,1771930.0,I888,20190430
1408,3833.0,3783.0,3783.0,3828.0,3395294.0,RB888,20190430
1409,2054.0,2026.5,2050.0,2046.5,277926.0,J888,20190430
1410,2075.0,2017.5,2030.0,2063.0,316618.0,J888,20190506
1411,639.5,622.5,626.0,638.0,1373326.0,I888,20190506
1412,3783.0,3725.0,3760.0,3756.0,3040168.0,RB888,20190506
1413,3814.0,3753.0,3756.0,3767.0,3462070.0,RB888,20190507
1414,661.5,633.5,639.0,652.0,2408262.0,I888,20190507
1415,2132.0,2062.0,2065.0,2119.0,515348.0,J888,20190507
1416,2152.0,2103.5,2118.5,2147.5,487554.0,J888,20190508
1417,3764.0,3721.0,3757.0,3731.0,3487160.0,RB888,20190508
1418,650.5,636.5,650.0,643.0,1766958.0,I888,20190508
1419,3744.0,3705.0,3721.0,3737.0,3494278.0,RB888,20190509
1420,646.5,635.0,640.5,644.5,1726686.0,I888,20190509
1421,2165.0,2136.0,2148.0,2156.0,429286.0,J888,20190509
1422,3753.0,3711.0,3711.0,3746.0,3159902.0,RB888,20190510
1423,657.5,637.0,641.0,655.5,2113732.0,I888,20190510
1424,2174.0,2143.0,2156.0,2167.0,414804.0,J888,20190510
1425,3760.0,3690.0,3747.0,3691.0,3440910.0,RB888,20190513
1426,660.0,650.0,655.0,653.5,1992742.0,I888,20190513
1427,2171.0,2125.5,2165.0,2126.5,408690.0,J888,20190513
1428,665.5,642.0,650.5,644.5,2935872.0,I888,20190514
1429,2129.0,2088.0,2125.0,2091.0,514318.0,J888,20190514
1430,3699.0,3655.0,3680.0,3663.0,3403408.0,RB888,20190514
1431,660.0,641.0,645.0,660.0,1718076.0,I888,20190515
1432,2142.0,2080.0,2088.0,2140.0,412122.0,J888,20190515
1433,3709.0,3650.0,3659.0,3704.0,2608568.0,RB888,20190515
1434,3749.0,3694.0,3701.0,3742.0,3511080.0,RB888,20190516
1435,2153.0,2126.5,2137.5,2139.0,387466.0,J888,20190516
1436,685.0,656.5,660.0,680.5,3175126.0,I888,20190516
1437,2178.0,2133.0,2139.0,2162.5,446676.0,J888,20190517
1438,710.0,679.5,682.0,707.0,3197310.0,I888,20190517
1439,3794.0,3746.0,3750.0,3771.0,3847274.0,RB888,20190517
1440,2175.0,2133.0,2161.0,2172.5,356830.0,J888,20190520
1441,715.5,701.5,707.5,711.5,1993560.0,I888,20190520
1442,3792.0,3760.0,3770.0,3780.0,2752426.0,RB888,20190520
1443,2275.0,2166.5,2171.0,2271.0,679138.0,J888,20190521
1444,719.5,694.0,706.0,717.0,2763960.0,I888,20190521
1445,3920.0,3777.0,3780.0,3919.0,5032032.0,RB888,20190521
1446,3947.0,3867.0,3913.0,3910.0,4462532.0,RB888,20190522
1447,2338.0,2268.5,2275.0,2296.5,798854.0,J888,20190522
1448,733.0,709.0,717.5,728.0,3199052.0,I888,20190522
1449,735.0,723.5,728.0,728.5,2249960.0,I888,20190523
1450,3928.0,3879.0,3910.0,3881.0,3174604.0,RB888,20190523
1451,2299.0,2241.0,2287.5,2264.0,640740.0,J888,20190523
1452,3894.0,3826.0,3879.0,3889.0,3750018.0,RB888,20190524
1453,732.5,721.0,730.0,732.0,2257738.0,I888,20190524
1454,2334.5,2243.0,2255.5,2321.0,657228.0,J888,20190524
1455,771.0,732.5,733.0,761.0,3958786.0,I888,20190527
1456,2362.0,2252.0,2323.5,2259.0,799410.0,J888,20190527
1457,3926.0,3835.0,3893.0,3842.0,4421734.0,RB888,20190527
1458,2278.0,2222.0,2255.0,2237.0,641314.0,J888,20190528
1459,3870.0,3815.0,3835.0,3845.0,3220108.0,RB888,20190528
1460,774.5,745.5,762.0,756.5,3343940.0,I888,20190528
1461,2239.5,2198.0,2237.0,2222.0,474886.0,J888,20190529
1462,3839.0,3796.0,3835.0,3825.0,3088050.0,RB888,20190529
1463,753.0,731.5,752.0,748.0,3080640.0,I888,20190529
1464,3835.0,3773.0,3820.0,3777.0,3228754.0,RB888,20190530
1465,750.0,730.0,749.5,737.0,2104918.0,I888,20190530
1466,2249.0,2199.5,2222.0,2205.0,576514.0,J888,20190530
1467,2215.5,2138.5,2200.5,2140.5,612808.0,J888,20190531
1468,744.5,727.0,735.0,727.0,1840912.0,I888,20190531
1469,3789.0,3744.0,3775.0,3750.0,2731698.0,RB888,20190531
